time_s,v_mps,a_mps2,pressure_MPa,mu
0,22.22222222224,-0.116589573768237,0,0.85
0.001,22.2221056724802,-0.116589573768237,0,0.85
0.002,22.2219482269696,-0.143862715463963,0,0.85
0.003,22.2217919955521,-0.152144092914001,0,0.85
0.004,22.2216265108765,-0.161075497910796,0,0.85
0.005,22.2214585064608,-0.165733033850436,0,0.85
0.006,22.2212875318032,-0.169266383723212,0,0.85
0.007,22.2211150474438,-0.171450978868224,0,0.85
0.008,22.2209413864856,-0.172963844499769,0,0.85
0.009,22.2207669986941,-0.173952854314898,0,0.85
0.01,22.2205921011299,-0.174622488916102,0,0.85
0.011,22.2204168691826,-0.175068698724911,0,0.85
0.012,22.2202414102463,-0.175368813230559,0,0.85
0.013,22.2200658013431,-0.175568863571009,0,0.85
0.014,22.2198900939863,-0.175701205239402,0,0.85
0.015,22.2197143246178,-0.175786674564094,0,0.85
0.016,22.2195385188694,-0.175839426024793,0,0.85
0.017,22.2193626953437,-0.175868865545017,0,0.85
0.018,22.2191868677711,-0.175881377671739,0,0.85
0.019,22.2190110465742,-0.175881296621441,0,0.85
0.02,22.218835239865,-0.175871608032725,0,0.85
0.021,22.2186594541313,-0.175854390128014,0,0.85
0.022,22.2184836946939,-0.175831114158725,0,0.85
0.023,22.2183079660184,-0.175802840748784,0,0.85
0.024,22.218132271928,-0.175770351759029,0,0.85
0.025,22.2179566159196,-0.17573412555534,0,0.85
0.026,22.2177810011167,-0.17569457064567,0,0.85
0.027,22.2176054302334,-0.175652096075122,0,0.85
0.028,22.217429905697,-0.175607029531275,0,0.85
0.029,22.217254429684,-0.175559647517897,0,0.85
0.03,22.217079004142,-0.175510194854113,0,0.85
0.031,22.2169036308417,-0.175458871014054,0,0.85
0.032,22.2167283113684,-0.17540586637464,0,0.85
0.033,22.2165530471543,-0.175351346144176,0,0.85
0.034,22.2163778394802,-0.175295466718251,0,0.85
0.035,22.2162026894947,-0.175238368159036,0,0.85
0.036,22.2160275982196,-0.175180181824249,0,0.85
0.037,22.2158525665596,-0.175121029418844,0,0.85
0.038,22.2156775953099,-0.17506102486384,0,0.85
0.039,22.2155026851622,-0.175000274819333,0,0.85
0.04,22.2153278367058,-0.174938883348306,0,0.85
0.041,22.2151530504473,-0.174876940125703,0,0.85
0.042,22.2149783268047,-0.174814534357139,0,0.85
0.043,22.2148036661199,-0.17475174625869,0,0.85
0.044,22.2146290686535,-0.174688656966702,0,0.85
0.045,22.2144545345984,-0.174625338645775,0,0.85
0.046,22.2142800640794,-0.174561860731266,0,0.85
0.047,22.2141056571554,-0.174498290286683,0,0.85
0.048,22.2139313138306,-0.174434686252761,0,0.85
0.049,22.213757034055,-0.174371104416235,0,0.85
0.05,22.2135828177314,-0.174307594662126,0,0.85
0.051,22.2134086647098,-0.174244209024788,0,0.85
0.052,22.2132345747996,-0.174180991899659,0,0.85
0.053,22.2130605477653,-0.174117987934168,0,0.85
0.054,22.2128865833351,-0.174055236344803,0,0.85
0.055,22.2127126812048,-0.173992771637534,0,0.85
0.056,22.2125388410423,-0.173930624148504,0,0.85
0.057,22.2123650624799,-0.173868827558267,0,0.85
0.058,22.212191345125,-0.173807409761712,0,0.85
0.059,22.2120176885577,-0.173746398287573,0,0.85
0.06,22.2118440923403,-0.173685814073033,0,0.85
0.061,22.211670556018,-0.173625675626373,0,0.85
0.062,22.2114970791119,-0.17356600509041,0,0.85
0.063,22.211323661129,-0.173506819365324,0,0.85
0.064,22.2111503015566,-0.173448137205226,0,0.85
0.065,22.2109769998749,-0.17338996940088,0,0.85
0.066,22.2108037555556,-0.173332325516812,0,0.85
0.067,22.2106305680527,-0.173275220249236,0,0.85
0.068,22.2104574368107,-0.173218665108369,0,0.85
0.069,22.2102843612702,-0.173162666356582,0,0.85
0.07,22.2101113408675,-0.173107229004739,0,0.85
0.071,22.2099383750268,-0.173052362727756,0,0.85
0.072,22.2097654631646,-0.172998076008908,0,0.85
0.073,22.2095926046984,-0.172944370904843,0,0.85
0.074,22.2094197990442,-0.172891249089818,0,0.85
0.075,22.2092470456092,-0.172838717190462,0,0.85
0.076,22.2090743437936,-0.172786781783639,0,0.85
0.077,22.2089016930023,-0.172735442111286,0,0.85
0.078,22.2087290926405,-0.172684697729737,0,0.85
0.079,22.208556542106,-0.172634553356433,0,0.85
0.08,22.2083840407905,-0.172585014692484,0,0.85
0.081,22.2082115880922,-0.172536079149962,0,0.85
0.082,22.2080391834108,-0.172487745095454,0,0.85
0.083,22.2078668261396,-0.172440016153724,0,0.85
0.084,22.2076945156653,-0.172392897870816,0,0.85
0.085,22.207522251383,-0.172346386513702,0,0.85
0.086,22.2073500326894,-0.17230047989504,0,0.85
0.087,22.2071778589753,-0.172255181085254,0,0.85
0.088,22.2070057296243,-0.172210495922609,0,0.85
0.089,22.2068336440296,-0.172166419958144,0,0.85
0.09,22.2066616015859,-0.172122950838886,0,0.85
0.091,22.2064896016822,-0.17208009138884,0,0.85
0.092,22.2063176436996,-0.172037847965017,0,0.85
0.093,22.2061457270296,-0.171996215626574,0,0.85
0.094,22.2059738510648,-0.171955192048877,0,0.85
0.095,22.2058020151927,-0.171914779939654,0,0.85
0.096,22.2056302187915,-0.171874986234107,0,0.85
0.097,22.2054584612512,-0.171835805572099,0,0.85
0.098,22.2052867419622,-0.171797235708615,0,0.85
0.099,22.20511506031,-0.171759279239036,0,0.85
0.1,22.2049434156704,-0.171721943620394,0,0.85
0.101,22.2047718074314,-0.171685223042946,0,0.85
0.102,22.2046002349832,-0.171649114101933,0,0.85
0.103,22.2044286976987,-0.171613627272033,0,0.85
0.104,22.2042571949656,-0.171578756163725,0,0.85
0.105,22.2040857261716,-0.171544498662908,0,0.85
0.106,22.2039142906889,-0.171510864337585,0,0.85
0.107,22.203742887904,-0.171477846871774,0,0.85
0.108,22.203571517204,-0.171445443808409,0,0.85
0.109,22.2034001779602,-0.171413664809037,0,0.85
0.11,22.2032288695589,-0.171382503087365,0,0.85
0.111,22.203057591387,-0.171351955933514,0,0.85
0.112,22.2028863428159,-0.171322032946058,0,0.85
0.113,22.2027151232326,-0.171292726819156,0,0.85
0.114,22.2025439320249,-0.171264034520528,0,0.85
0.115,22.2023727685651,-0.171235965497885,0,0.85
0.116,22.2022016322419,-0.171208511867197,0,0.85
0.117,22.2020305224453,-0.171181670220504,0,0.85
0.118,22.2018594385496,-0.171155449775035,0,0.85
0.119,22.2016883799467,-0.171129842022402,0,0.85
0.12,22.2015173460297,-0.171104843135639,0,0.85
0.121,22.2013463361767,-0.171080462034723,0,0.85
0.122,22.2011753497838,-0.171056689552707,0,0.85
0.123,22.201004386249,-0.171033521412439,0,0.85
0.124,22.2008334449554,-0.171010966182622,0,0.85
0.125,22.200662525305,-0.170989014016695,0,0.85
0.126,22.200491626702,-0.170967660168288,0,0.85
0.127,22.2003207485361,-0.17094691281392,0,0.85
0.128,22.2001498902168,-0.170926761419345,0,0.85
0.129,22.1999790511562,-0.170907200761494,0,0.85
0.13,22.1998082307522,-0.17088823859637,0,0.85
0.131,22.1996374284231,-0.170869863706063,0,0.85
0.132,22.1994666435906,-0.170852070394248,0,0.85
0.133,22.1992958756622,-0.170834865979601,0,0.85
0.134,22.1991251240671,-0.170818238575503,0,0.85
0.135,22.1989543882377,-0.17080218202575,0,0.85
0.136,22.1987836675931,-0.170786703204439,0,0.85
0.137,22.1986129615744,-0.170771789581114,0,0.85
0.138,22.198442269624,-0.170757436336822,0,0.85
0.139,22.1982715911882,-0.170743639025942,0,0.85
0.14,22.1981009257024,-0.170730403697182,0,0.85
0.141,22.1979302726266,-0.170717715706206,0,0.85
0.142,22.197759631423,-0.170705568863208,0,0.85
0.143,22.197589001557,-0.170693958891711,0,0.85
0.144,22.1974183824842,-0.170682890987468,0,0.85
0.145,22.1972477736856,-0.170672349823404,0,0.85
0.146,22.1970771746447,-0.170662328752089,0,0.85
0.147,22.1969065848489,-0.170652822839426,0,0.85
0.148,22.1967360037761,-0.170643836879481,0,0.85
0.149,22.1965654309306,-0.170635354818194,0,0.85
0.15,22.1963948658191,-0.170627369665621,0,0.85
0.151,22.1962243080179,-0.170619832743572,0,0.85
0.152,22.196053757123,-0.170612714656375,0,0.85
0.153,22.1958832127083,-0.170606020304159,0,0.85
0.154,22.1957126743419,-0.170599755303418,0,0.85
0.155,22.1955421415878,-0.170593924153986,0,0.85
0.156,22.1953716139927,-0.170588539863792,0,0.85
0.157,22.1952010911251,-0.170583592344872,0,0.85
0.158,22.1950305725509,-0.170579079916265,0,0.85
0.159,22.194860057838,-0.170575000708695,0,0.85
0.16,22.1946895465422,-0.170571362081619,0,0.85
0.161,22.1945190382454,-0.170568149186967,0,0.85
0.162,22.1943485325302,-0.170565356542167,0,0.85
0.163,22.1941780289844,-0.17056297891273,0,0.85
0.164,22.1940075271862,-0.170561020916656,0,0.85
0.165,22.1938370267418,-0.170559465351593,0,0.85
0.166,22.1936665272598,-0.170558305013095,0,0.85
0.167,22.1934960283553,-0.170557533048942,0,0.85
0.168,22.1933255296352,-0.170557152782389,0,0.85
0.169,22.1931550307353,-0.170557145922602,0,0.85
0.17,22.1929845312942,-0.170557504574487,0,0.85
0.171,22.1928140309578,-0.170558221139988,0,0.85
0.172,22.1926435293643,-0.170559298343844,0,0.85
0.173,22.1924730261813,-0.170560717443551,0,0.85
0.174,22.1923025210791,-0.17056247035385,0,0.85
0.175,22.1921320137359,-0.170564549162165,0,0.85
0.176,22.1919615038223,-0.17056695632411,0,0.85
0.177,22.1917909910382,-0.17056967297667,0,0.85
0.178,22.1916204750863,-0.170572691091438,0,0.85
0.179,22.1914499556773,-0.170576002662331,0,0.85
0.18,22.1912794325143,-0.170579610032906,0,0.85
0.181,22.1911089053298,-0.170583494406979,0,0.85
0.182,22.1909383738586,-0.170587647940298,0,0.85
0.183,22.1907678378437,-0.170592062656325,0,0.85
0.184,22.1905972970204,-0.170596740863417,0,0.85
0.185,22.1904267511533,-0.170601663951508,0,0.85
0.186,22.190256200009,-0.170606824331921,0,0.85
0.187,22.1900856433621,-0.170612214134023,0,0.85
0.188,22.1899150809797,-0.170617835671009,0,0.85
0.189,22.1897445126577,-0.17062367060565,0,0.85
0.19,22.1895739381936,-0.170629711649009,0,0.85
0.191,22.1894033573931,-0.170635951090686,0,0.85
0.192,22.1892327700543,-0.170642391270879,0,0.85
0.193,22.1890621760035,-0.170649014195856,0,0.85
0.194,22.1888915750684,-0.1706558129068,0,0.85
0.195,22.1887209670815,-0.170662781945641,0,0.85
0.196,22.1885503518884,-0.170669910733621,0,0.85
0.197,22.1883797293202,-0.170677205434579,0,0.85
0.198,22.1882090992419,-0.170684645402033,0,0.85
0.199,22.1880384615177,-0.170692224382617,0,0.85
0.2,22.187867816016,-0.170699937500153,0,0.85
0.201,22.1876971626181,-0.170707774479606,0,0.85
0.202,22.187526501191,-0.170715741482143,0,0.85
0.203,22.1873558316345,-0.170723818522563,0,0.85
0.204,22.1871851538474,-0.170731999853661,0,0.85
0.205,22.1870144677323,-0.170740280845847,0,0.85
0.206,22.1868437732041,-0.170748651785654,0,0.85
0.207,22.1866730701639,-0.170757118765271,0,0.85
0.208,22.1865023585443,-0.170765662574343,0,0.85
0.209,22.1863316382766,-0.170774277981009,0,0.85
0.21,22.1861609092955,-0.170782960643899,0,0.85
0.211,22.1859901715475,-0.170791701446522,0,0.85
0.212,22.1858194249655,-0.170800506412522,0,0.85
0.213,22.1856486695129,-0.170809357180819,0,0.85
0.214,22.1854779051509,-0.170818249045321,0,0.85
0.215,22.1853071318444,-0.170827177985224,0,0.85
0.216,22.1851363495661,-0.170836137616794,0,0.85
0.217,22.1849655582967,-0.170845120255817,0,0.85
0.218,22.1847947580016,-0.170854133679391,0,0.85
0.219,22.1846239486793,-0.170863158312246,0,0.85
0.22,22.1844531303245,-0.170872190244065,0,0.85
0.221,22.1842823028913,-0.170881255260848,0,0.85
0.222,22.1841114688029,-0.170888715231731,0,0.85
0.223,22.1839406249097,-0.170897740668345,0,0.85
0.224,22.1837697725114,-0.170906421126069,0,0.85
0.225,22.1835989111232,-0.170915309962542,0,0.85
0.226,22.1834280408771,-0.170924180191775,0,0.85
0.227,22.1832571617282,-0.17093307415112,0,0.85
0.228,22.1830862737069,-0.170941955760419,0,0.85
0.229,22.1829153768378,-0.170950816853609,0,0.85
0.23,22.1827444711403,-0.17095965815338,0,0.85
0.231,22.1825735566641,-0.170968459737441,0,0.85
0.232,22.1824026334562,-0.170977216692092,0,0.85
0.233,22.1822317015672,-0.170985925130607,0,0.85
0.234,22.1820607610537,-0.170994579546683,0,0.85
0.235,22.1818898119758,-0.1710031758927,0,0.85
0.236,22.1817188544011,-0.171011707768039,0,0.85
0.237,22.181547888381,-0.171020184037665,0,0.85
0.238,22.1813769139971,-0.171028587159679,0,0.85
0.239,22.1812059313252,-0.171036915398166,0,0.85
0.24,22.1810349404428,-0.171045167059914,0,0.85
0.241,22.1808639414323,-0.17105333825876,0,0.85
0.242,22.1806929343779,-0.171061426324817,0,0.85
0.243,22.1805219193674,-0.171069428287284,0,0.85
0.244,22.1803508964944,-0.17107733908277,0,0.85
0.245,22.1801798658345,-0.171085169020582,0,0.85
0.246,22.1800088274943,-0.171092901002711,0,0.85
0.247,22.1798377815725,-0.17110053444644,0,0.85
0.248,22.1796667281688,-0.171108068554591,0,0.85
0.249,22.179495667387,-0.171115500328665,0,0.85
0.25,22.1793245993321,-0.171122827970587,0,0.85
0.251,22.1791535241115,-0.171130049367809,0,0.85
0.252,22.178982441834,-0.17113716263056,0,0.85
0.253,22.178811352614,-0.171144163661143,0,0.85
0.254,22.1786402565471,-0.171151063506827,0,0.85
0.255,22.1784691537587,-0.171157846056358,0,0.85
0.256,22.1782980443651,-0.171164511776171,0,0.85
0.257,22.1781269284833,-0.171171060695768,0,0.85
0.258,22.177955806233,-0.17117749076442,0,0.85
0.259,22.1777846777344,-0.17118380107836,0,0.85
0.26,22.1776135431091,-0.171189990432173,0,0.85
0.261,22.1774424024794,-0.171196057833045,0,0.85
0.262,22.1772712559687,-0.171202002321272,0,0.85
0.263,22.1771001037042,-0.171207820977727,0,0.85
0.264,22.176928945795,-0.171213524959491,0,0.85
0.265,22.1767577823772,-0.171219099922821,0,0.85
0.266,22.1765866135777,-0.171224547300811,0,0.85
0.267,22.1764154395228,-0.171229867914034,0,0.85
0.268,22.1762442603407,-0.171235060718406,0,0.85
0.269,22.1760730761593,-0.171240125710622,0,0.85
0.27,22.1759018871066,-0.171245062612768,0,0.85
0.271,22.175730693311,-0.171249871339811,0,0.85
0.272,22.1755594949006,-0.171254551835376,0,0.85
0.273,22.1753882920035,-0.171259104125785,0,0.85
0.274,22.1752170847478,-0.171263528300725,0,0.85
0.275,22.1750458732613,-0.171267824519753,0,0.85
0.276,22.1748746576746,-0.171271991002121,0,0.85
0.277,22.174703438099,-0.171276040067641,0,0.85
0.278,22.174532214672,-0.171279958184727,0,0.85
0.279,22.1743609875205,-0.171283748038828,0,0.85
0.28,22.1741897567701,-0.171287411461824,0,0.85
0.281,22.1740185225471,-0.171290948479038,0,0.85
0.282,22.1738472849763,-0.171294360121935,0,0.85
0.283,22.1736760441819,-0.171297647140911,0,0.85
0.284,22.173504800287,-0.171300810463094,0,0.85
0.285,22.173333553414,-0.171303851030666,0,0.85
0.286,22.1731623036841,-0.17130676985276,0,0.85
0.287,22.1729910512173,-0.171309567986412,0,0.85
0.288,22.1728197961326,-0.171312246541952,0,0.85
0.289,22.1726485385479,-0.17131480668059,0,0.85
0.29,22.1724772785796,-0.171317249614641,0,0.85
0.291,22.1723060163431,-0.171319576607283,0,0.85
0.292,22.1721347519523,-0.171321788971818,0,0.85
0.293,22.1719634855198,-0.171323888071631,0,0.85
0.294,22.1717922171566,-0.171325875319461,0,0.85
0.295,22.1716209469723,-0.171327752176812,0,0.85
0.296,22.1714496750751,-0.171329520153366,0,0.85
0.297,22.1712784015715,-0.171331180806006,0,0.85
0.298,22.1711071265663,-0.171332735738079,0,0.85
0.299,22.1709358501657,-0.171334184667602,0,0.85
0.3,22.1707645724549,-0.171335541402055,0,0.85
0.301,22.1705932935449,-0.171336793390745,0,0.85
0.302,22.170422013534,-0.171337944916574,0,0.85
0.303,22.170250732518,-0.171338999068419,0,0.85
0.304,22.1700794505922,-0.171339957182734,0,0.85
0.305,22.1699081678492,-0.171340821545791,0,0.85
0.306,22.1697368844102,-0.171341573826907,0,0.85
0.307,22.1695656004862,-0.17134214805991,0,0.85
0.308,22.169394316212,-0.171342572996681,0,0.85
0.309,22.1692230317113,-0.171342865710405,0,0.85
0.31,22.1690517470956,-0.171343039969974,0,0.85
0.311,22.1688804624646,-0.171343108305927,0,0.85
0.312,22.1687091779086,-0.171343081037563,0,0.85
0.313,22.1685378935098,-0.171342967080017,0,0.85
0.314,22.1683666093437,-0.171342773978443,0,0.85
0.315,22.1681953254796,-0.171342508201541,0,0.85
0.316,22.1680240419803,-0.171342176266814,0,0.85
0.317,22.1678527589023,-0.171341784711121,0,0.85
0.318,22.1676814762995,-0.171341337334231,0,0.85
0.319,22.1675101942225,-0.171340837517062,0,0.85
0.32,22.1673389127192,-0.171340288291351,0,0.85
0.321,22.167167631835,-0.171339692373584,0,0.85
0.322,22.1669963516129,-0.171339052250712,0,0.85
0.323,22.1668250720934,-0.171338370225011,0,0.85
0.324,22.1666537933154,-0.171337648459656,0,0.85
0.325,22.1664825153153,-0.171336889011744,0,0.85
0.326,22.166311238128,-0.171336093860222,0,0.85
0.327,22.1661399617863,-0.171335264927455,0,0.85
0.328,22.165968686321,-0.171334404096392,0,0.85
0.329,22.1657974117614,-0.171333513224229,0,0.85
0.33,22.1656261381346,-0.171332594152536,0,0.85
0.331,22.165454865466,-0.171331648715325,0,0.85
0.332,22.1652835937795,-0.171330678744783,0,0.85
0.333,22.1651123230965,-0.17132968607546,0,0.85
0.334,22.1649410534372,-0.171328672547174,0,0.85
0.335,22.1647697848196,-0.171327640006586,0,0.85
0.336,22.16459851726,-0.171326590308429,0,0.85
0.337,22.1644272507726,-0.171325525315326,0,0.85
0.338,22.1642559853699,-0.171324446897857,0,0.85
0.339,22.1640847210627,-0.171323356933322,0,0.85
0.34,22.1639134578595,-0.171322257305124,0,0.85
0.341,22.1637421957672,-0.171321149901164,0,0.85
0.342,22.1635709347909,-0.171320036612359,0,0.85
0.343,22.1633996749334,-0.171318919331006,0,0.85
0.344,22.1632284161959,-0.17131779994913,0,0.85
0.345,22.1630571585778,-0.171316680356516,0,0.85
0.346,22.1628859020764,-0.171315562439078,0,0.85
0.347,22.1627146466872,-0.171314448076879,0,0.85
0.348,22.1625433924039,-0.171313339142465,0,0.85
0.349,22.1623721392182,-0.171312237498996,0,0.85
0.35,22.16220088712,-0.171311144998548,0,0.85
0.351,22.1620296360975,-0.171310063480322,0,0.85
0.352,22.161858386137,-0.171308994769067,0,0.85
0.353,22.1616871372229,-0.171307940673627,0,0.85
0.354,22.1615158893379,-0.171306902985046,0,0.85
0.355,22.1613446424631,-0.17130588347532,0,0.85
0.356,22.1611733965775,-0.171304883896218,0,0.85
0.357,22.1610021516586,-0.171303905977146,0,0.85
0.358,22.1608309076824,-0.171302951424856,0,0.85
0.359,22.1606596646228,-0.171302021921257,0,0.85
0.36,22.1604884224498,-0.171301120823248,0,0.85
0.361,22.1603171811506,-0.171300237714495,0,0.85
0.362,22.1601459406827,-0.171299388970058,0,0.85
0.363,22.1599747010136,-0.171298573332343,0,0.85
0.364,22.1598034621098,-0.17129779111728,0,0.85
0.365,22.1596322239348,-0.171297044343704,0,0.85
0.366,22.1594609864515,-0.171296334096827,0,0.85
0.367,22.1592897496214,-0.17129566177216,0,0.85
0.368,22.1591185134046,-0.171295028626259,0,0.85
0.369,22.1589472777601,-0.17129443593431,0,0.85
0.37,22.1587760426456,-0.17129388493706,0,0.85
0.371,22.1586048080175,-0.171293376858098,0,0.85
0.372,22.1584335738312,-0.171292912896473,0,0.85
0.373,22.1582623400408,-0.171292494227708,0,0.85
0.374,22.1580911065992,-0.171292122001357,0,0.85
0.375,22.1579198734585,-0.17129179733975,0,0.85
0.376,22.1577486405693,-0.171291521336495,0,0.85
0.377,22.1575774078815,-0.171291295054868,0,0.85
0.378,22.1574061753415,-0.171291121103155,0,0.85
0.379,22.1572349429126,-0.171290988947039,0,0.85
0.38,22.1570637105305,-0.171290913791435,0,0.85
0.381,22.1568924781406,-0.171290893841388,0,0.85
0.382,22.1567212456884,-0.171290928783898,0,0.85
0.383,22.1565500131169,-0.171291019971313,0,0.85
0.384,22.1563787803693,-0.171291167832918,0,0.85
0.385,22.1562075473879,-0.171291373094659,0,0.85
0.386,22.1560363141142,-0.171291636338536,0,0.85
0.387,22.1558650804896,-0.171291958157255,0,0.85
0.388,22.1556938464547,-0.17129233910212,0,0.85
0.389,22.1555226119494,-0.17129277969994,0,0.85
0.39,22.1553513769136,-0.171293280446427,0,0.85
0.391,22.1551801412862,-0.17129384180672,0,0.85
0.392,22.1550089050062,-0.171294464213522,0,0.85
0.393,22.1548376680118,-0.171295148066172,0,0.85
0.394,22.1546664302388,-0.171295895308151,0,0.85
0.395,22.154495191641,-0.171296694445161,0,0.85
0.396,22.154323952144,-0.171297560426206,0,0.85
0.397,22.154152711685,-0.171298490723755,0,0.85
0.398,22.1539814702011,-0.171299484281996,0,0.85
0.399,22.153810227628,-0.171300541800219,0,0.85
0.4,22.1536389839024,-0.171301663008117,0,0.85
0.401,22.1534677389603,-0.171302847947021,0,0.85
0.402,22.1532964927383,-0.171304096507517,0,0.85
0.403,22.1531252451729,-0.171305408592213,0,0.85
0.404,22.1529539962008,-0.171306784061369,0,0.85
0.405,22.1527827457589,-0.171308222750898,0,0.85
0.406,22.1526114937843,-0.171309724466022,0,0.85
0.407,22.1524402402144,-0.171311288981815,0,0.85
0.408,22.1522689849845,-0.171312917491882,0,0.85
0.409,22.1520977280477,-0.171314598662985,0,0.85
0.41,22.1519264693312,-0.171316345897115,0,0.85
0.411,22.1517552087734,-0.17131815626706,0,0.85
0.412,22.1515839463136,-0.171320028160869,0,0.85
0.413,22.1514126818902,-0.17132196165715,0,0.85
0.414,22.1512414154428,-0.171323955908876,0,0.85
0.415,22.1510701469116,-0.171326010370101,0,0.85
0.416,22.1508988762374,-0.171328124353026,0,0.85
0.417,22.1507276033616,-0.171330297184684,0,0.85
0.418,22.1505563282266,-0.171332528154456,0,0.85
0.419,22.1503850507753,-0.171334816532038,0,0.85
0.42,22.1502137709514,-0.171337161561003,0,0.85
0.421,22.1500424886996,-0.171339562460108,0,0.85
0.422,22.1498712039629,-0.171342019885598,0,0.85
0.423,22.149699916703,-0.171344521701639,0,0.85
0.424,22.1495286268558,-0.171347081104136,0,0.85
0.425,22.149357334369,-0.171349694611279,0,0.85
0.426,22.1491860391917,-0.17135236001718,0,0.85
0.427,22.1490147412727,-0.171355076907174,0,0.85
0.428,22.1488434405627,-0.171357843904183,0,0.85
0.429,22.148672137013,-0.171360659955042,0,0.85
0.43,22.1485008305764,-0.171363523867356,0,0.85
0.431,22.1483295212069,-0.171366434473065,0,0.85
0.432,22.1481582088596,-0.171369390574404,0,0.85
0.433,22.1479868934907,-0.171372390962831,0,0.85
0.434,22.1478155750579,-0.171375434412182,0,0.85
0.435,22.14764425352,-0.171378519680764,0,0.85
0.436,22.1474729288349,-0.171381646948994,0,0.85
0.437,22.1473016009794,-0.171384803713406,0,0.85
0.438,22.1471302699049,-0.171388002645736,0,0.85
0.439,22.1469589355751,-0.171391239909203,0,0.85
0.44,22.1467875979557,-0.171394512852355,0,0.85
0.441,22.1466162570121,-0.171397820672188,0,0.85
0.442,22.1464449127122,-0.17140116159425,0,0.85
0.443,22.146273565025,-0.171404534185571,0,0.85
0.444,22.1461022139212,-0.171407936881553,0,0.85
0.445,22.1459308593731,-0.17141136815384,0,0.85
0.446,22.1457595013543,-0.171414826454861,0,0.85
0.447,22.1455881398401,-0.171418310237261,0,0.85
0.448,22.1454167748075,-0.171421817947379,0,0.85
0.449,22.1452454062348,-0.171425348027159,0,0.85
0.45,22.1450740341,-0.171428900296292,0,0.85
0.451,22.1449026583995,-0.171432462315293,0,0.85
0.452,22.1447312791057,-0.171436046016417,0,0.85
0.453,22.1445598962028,-0.171439647431604,0,0.85
0.454,22.1443885096776,-0.171443263650327,0,0.85
0.455,22.1442171195167,-0.171446893622716,0,0.85
0.456,22.1440457257095,-0.171450535345166,0,0.85
0.457,22.1438743282466,-0.17145418716398,0,0.85
0.458,22.1437029271207,-0.171457847306791,0,0.85
0.459,22.143531522326,-0.171461514048552,0,0.85
0.46,22.1433601138585,-0.171465185656907,0,0.85
0.461,22.1431887017159,-0.171468860411339,0,0.85
0.462,22.1430172858977,-0.171472536596972,0,0.85
0.463,22.1428458664049,-0.171476212506312,0,0.85
0.464,22.1426744432405,-0.17147988643819,0,0.85
0.465,22.1425030164068,-0.17148355808996,0,0.85
0.466,22.1423315859251,-0.17148721478886,0,0.85
0.467,22.1421601517925,-0.171490868471815,0,0.85
0.468,22.1419887140655,-0.171494483383127,0,0.85
0.469,22.1418172727787,-0.17149806245518,0,0.85
0.47,22.1416458279595,-0.171501611162063,0,0.85
0.471,22.1414743796345,-0.171505132056294,0,0.85
0.472,22.1413029278279,-0.171508627570682,0,0.85
0.473,22.1411314725628,-0.17151209915117,0,0.85
0.474,22.1409600138619,-0.171515547722994,0,0.85
0.475,22.1407885517475,-0.171518973664349,0,0.85
0.476,22.1406170862423,-0.171522376939939,0,0.85
0.477,22.1404456173695,-0.171525757160497,0,0.85
0.478,22.1402741451533,-0.171529113652859,0,0.85
0.479,22.1401026696186,-0.171532445512602,0,0.85
0.48,22.1399311907918,-0.17153575165008,0,0.85
0.481,22.1397597086983,-0.171539032185538,0,0.85
0.482,22.139588223382,-0.171542275057166,0,0.85
0.483,22.1394167348626,-0.171545492060017,0,0.85
0.484,22.1392452431717,-0.171548679483971,0,0.85
0.485,22.1390737483432,-0.171551834372864,0,0.85
0.486,22.1389022504113,-0.171554955706661,0,0.85
0.487,22.1387307494124,-0.171558041455034,0,0.85
0.488,22.1385592453847,-0.171561089944319,0,0.85
0.489,22.1383877383681,-0.171564099378242,0,0.85
0.49,22.1382162284043,-0.171567068017417,0,0.85
0.491,22.1380447155366,-0.171569994127431,0,0.85
0.492,22.1378731998101,-0.171572876003219,0,0.85
0.493,22.1377016812716,-0.171575711966094,0,0.85
0.494,22.1375301599694,-0.171578500367778,0,0.85
0.495,22.1373586359535,-0.171581239591798,0,0.85
0.496,22.1371871092754,-0.171583928054593,0,0.85
0.497,22.1370155799882,-0.17158656420639,0,0.85
0.498,22.1368440481465,-0.171589146531653,0,0.85
0.499,22.1366725138043,-0.17159167489324,0,0.85
0.5,22.1365009770334,-0.171594137282627,0,0.85
0.501,22.1363294378826,-0.171596545284609,0.02,0.85
0.502,22.1361581617317,-0.171421956835925,0.04,0.85
0.503,22.1359603550477,-0.189056824726423,0.0600000000000001,0.85
0.504,22.1357413979254,-0.209040222860916,0.0800000000000001,0.85
0.505,22.1354965582356,-0.232962295178321,0.1,0.85
0.506,22.1352251384256,-0.258662452916326,0.12,0.85
0.507,22.1349258199628,-0.285834627949598,0.14,0.85
0.508,22.1345980175393,-0.313887813943448,0.16,0.85
0.509,22.1342412345015,-0.342565885930268,0.18,0.85
0.51,22.1338551701317,-0.371652800285855,0.2,0.85
0.511,22.1334396067897,-0.401021138435949,0.22,0.85
0.512,22.1329943981412,-0.43058087424908,0.24,0.85
0.513,22.1325194402974,-0.460273692202555,0.26,0.85
0.514,22.1320146594321,-0.490060105187982,0.28,0.85
0.515,22.1314800015032,-0.519913757080438,0.3,0.85
0.516,22.1309154257272,-0.549817020207891,0.32,0.85
0.517,22.1303209007108,-0.579757756751714,0.34,0.85
0.518,22.129696401235,-0.609727802801325,0.36,0.85
0.519,22.1290419061702,-0.639721710091541,0.38,0.85
0.52,22.1283573976623,-0.669735478117889,0.4,0.85
0.521,22.1276428599092,-0.699766404806999,0.42,0.85
0.522,22.1268982783168,-0.729812784021559,0.44,0.85
0.523,22.1261236397609,-0.759873066593189,0.46,0.85
0.524,22.1253189318568,-0.789946243205665,0.48,0.85
0.525,22.1244841424714,-0.820031809411234,0.500000000000001,0.85
0.526,22.1236192604311,-0.850128957250233,0.520000000000001,0.85
0.527,22.1227242748667,-0.88023721450541,0.540000000000001,0.85
0.528,22.1217991748044,-0.910356493422769,0.560000000000001,0.85
0.529,22.120843950125,-0.940486194792054,0.580000000000001,0.85
0.53,22.119858590857,-0.970626020444588,0.600000000000001,0.85
0.531,22.118843086765,-1.0007760469397,0.620000000000001,0.85
0.532,22.1177974284862,-1.03093571793101,0.640000000000001,0.85
0.533,22.1167216067373,-1.06110479486667,0.660000000000001,0.85
0.534,22.1156156118811,-1.09128343431393,0.680000000000001,0.85
0.535,22.1144794351971,-1.12147107695156,0.700000000000001,0.85
0.536,22.1133130680032,-1.15166751091299,0.720000000000001,0.85
0.537,22.1121165012014,-1.18187294282375,0.740000000000001,0.85
0.538,22.1108897266471,-1.21208680583333,0.760000000000001,0.85
0.539,22.1096327361984,-1.24230890894112,0.780000000000001,0.85
0.54,22.1083455212532,-1.27253949573773,0.800000000000001,0.85
0.541,22.1070280741774,-1.30277800146862,0.820000000000001,0.85
0.542,22.1056803873066,-1.333024258323,0.840000000000001,0.85
0.543,22.1043024524858,-1.36327853757617,0.860000000000001,0.85
0.544,22.1028942625183,-1.39354029027074,0.880000000000001,0.85
0.545,22.1014558101451,-1.42380937527738,0.900000000000001,0.85
0.546,22.0999870876031,-1.4540860815609,0.920000000000001,0.85
0.547,22.0984880880522,-1.48436988978896,0.940000000000001,0.85
0.548,22.0969588044525,-1.51466076035891,0.960000000000001,0.85
0.549,22.0953992297502,-1.54495868911301,0.980000000000001,0.85
0.55,22.0938093569087,-1.57526366322265,1,0.85
0.551,22.0921891792528,-1.60557543746089,1.02,0.85
0.552,22.0905386901739,-1.63589388547547,1.04,0.85
0.553,22.0888578826957,-1.66621921063392,1.06,0.85
0.554,22.0871467505835,-1.69655098590482,1.08,0.85
0.555,22.0854052868975,-1.72688953923669,1.1,0.85
0.556,22.0836334855094,-1.75723443885111,1.12,0.85
0.557,22.0818313395515,-1.78758603377415,1.14,0.85
0.558,22.0799988428169,-1.81794399969237,1.16,0.85
0.559,22.0781359888445,-1.84830839813765,1.18,0.85
0.56,22.0762443490212,-1.87762699154916,1.2,0.85
0.561,22.0743266663702,-1.90476767642779,1.22,0.85
0.562,22.0723793932706,-1.93354827936033,1.24,0.85
0.563,22.0704028829468,-1.96263995877421,1.26,0.85
0.564,22.0683966282607,-1.99217353754039,1.28,0.85
0.565,22.0663604655478,-2.02196356295365,1.3,0.85
0.566,22.0642942302128,-2.05194883817342,1.32,0.85
0.567,22.0621978153427,-2.08207049621336,1.34,0.85
0.568,22.0600711419905,-2.11229026421258,1.36,0.85
0.569,22.0579141527976,-2.14258098760388,1.38,0.85
0.57,22.0557268055978,-2.17292348307772,1.4,0.85
0.571,22.0535090686367,-2.20330441245351,1.42,0.85
0.572,22.0512609176362,-2.23371434403652,1.44,0.85
0.573,22.048982333497,-2.26414667995725,1.46,0.85
0.574,22.0466733008097,-2.29459676030517,1.48,0.85
0.575,22.0443338067614,-2.3250613001111,1.5,0.85
0.576,22.0419638403936,-2.35553796777994,1.52,0.85
0.577,22.0395633918493,-2.38602525142082,1.54,0.85
0.578,22.0371324529246,-2.41652154472091,1.56,0.85
0.579,22.0346710151687,-2.44702647682291,1.58,0.85
0.58,22.0321790716363,-2.4775389201934,1.6,0.85
0.581,22.0296566147391,-2.50805892770884,1.62,0.85
0.582,22.0271036383775,-2.53858552419437,1.64,0.85
0.583,22.0245201355078,-2.56911901429714,1.66,0.85
0.584,22.0219061001531,-2.5996587879685,1.68,0.85
0.585,22.0192615265581,-2.63020449430639,1.7,0.85
0.586,22.0165864085567,-2.66075629004036,1.72,0.85
0.587,22.0138807408206,-2.69131366900418,1.74,0.85
0.588,22.011144518383,-2.72187622107572,1.76,0.85
0.589,22.0083777353199,-2.75244444817487,1.78,0.85
0.59,22.0055803877181,-2.78301717634872,1.8,0.85
0.591,22.00275246989,-2.81359519793613,1.82,0.85
0.592,21.9998939775195,-2.84417786214476,1.84,0.85
0.593,21.9970049060525,-2.87476511083996,1.86,0.85
0.594,21.9940852511036,-2.90535681220705,1.88,0.85
0.595,21.9911350082881,-2.93595292178934,1.9,0.85
0.596,21.9881541735809,-2.96655318496031,1.92,0.85
0.597,21.9851427428155,-2.9971576111958,1.94,0.85
0.598,21.9821007122155,-3.02776594336987,1.96,0.85
0.599,21.9790280778368,-3.05837820786936,1.98,0.85
0.6,21.9759248361384,-3.0889941443296,2,0.85
0.601,21.9727909833931,-3.11961379045276,2,0.85
0.602,21.9696261924398,-3.15045270472199,2,0.85
0.603,21.9664582850139,-3.16281071132751,2,0.85
0.604,21.9632793778844,-3.17426570313382,2,0.85
0.605,21.9600953373008,-3.18150750054432,2,0.85
0.606,21.9569069361998,-3.18682943959002,2,0.85
0.607,21.9537161669021,-3.19018275256506,2,0.85
0.608,21.9505230941242,-3.19283670236609,2,0.85
0.609,21.9473283400356,-3.19484260461679,2,0.85
0.61,21.9441322120105,-3.19642750419331,2,0.85
0.611,21.9409349615946,-3.19770431349744,2,0.85
0.612,21.9377367607926,-3.19876371586436,2,0.85
0.613,21.9345377348834,-3.19966710023225,2,0.85
0.614,21.9313379737238,-3.20045855283995,2,0.85
0.615,21.9281375423276,-3.20116933664224,2,0.85
0.616,21.9249364877999,-3.20182181627463,2,0.85
0.617,21.9217348443523,-3.20243204517358,2,0.85
0.618,21.9185326368413,-3.20301161346179,2,0.85
0.619,21.9153298832899,-3.20356894182297,2,0.85
0.62,21.9121265966938,-3.20411019001283,2,0.85
0.621,21.9089227863204,-3.20463989779316,2,0.85
0.622,21.9057184586494,-3.205161437358,2,0.85
0.623,21.9025136180597,-3.20567733406987,2,0.85
0.624,21.8993082673337,-3.20618949440972,2,0.85
0.625,21.8961024080322,-3.20669936862203,2,0.85
0.626,21.8928960407757,-3.20720806718607,2,0.85
0.627,21.8896891654588,-3.20771644457089,2,0.85
0.628,21.8864819883474,-3.20808715658959,2,0.85
0.629,21.8832745907069,-3.20835778590763,2,0.85
0.63,21.8800667773184,-3.20872524632233,2,0.85
0.631,21.8768585458894,-3.20912651195979,2,0.85
0.632,21.8736498627458,-3.20956150381661,2,0.85
0.633,21.8704407092141,-3.21002019135226,2,0.85
0.634,21.8672310694671,-3.21049733299189,2,0.85
0.635,21.864020931391,-3.21098870512747,2,0.85
0.636,21.8608102853409,-3.2114912534034,2,0.85
0.637,21.8575991235456,-3.21200271011555,2,0.85
0.638,21.8543874396618,-3.21252136716956,2,0.85
0.639,21.8511752284445,-3.21304592289712,2,0.85
0.64,21.8479624855218,-3.21357536082652,2,0.85
0.641,21.8447492072344,-3.21410886718975,2,0.85
0.642,21.8415353905247,-3.21464576929669,2,0.85
0.643,21.8383210328615,-3.21518549193995,2,0.85
0.644,21.8351061321898,-3.21572752580725,2,0.85
0.645,21.8318906868986,-3.21627140500346,2,0.85
0.646,21.8286746958014,-3.21681669106313,2,0.85
0.647,21.8254581581258,-3.2173629617331,2,0.85
0.648,21.8222410735089,-3.21790980321745,2,0.85
0.649,21.8190234419963,-3.21845680495262,2,0.85
0.65,21.8158052640444,-3.2190035562287,2,0.85
0.651,21.8125865405235,-3.2195496441597,2,0.85
0.652,21.8093672727214,-3.22009465263669,2,0.85
0.653,21.806147462347,-3.22063816200422,2,0.85
0.654,21.8029271115338,-3.22117974927671,2,0.85
0.655,21.7997062228424,-3.22171898862413,2,0.85
0.656,21.7964847992621,-3.22225545220302,2,0.85
0.657,21.7932628442112,-3.22278871118608,2,0.85
0.658,21.7900403615366,-3.22331833686686,2,0.85
0.659,21.7868173555116,-3.22384390184468,2,0.85
0.66,21.7835938308333,-3.2243649812377,2,0.85
0.661,21.7803697926175,-3.22488115390237,2,0.85
0.662,21.7771452463937,-3.22539200363512,2,0.85
0.663,21.7739201980984,-3.22589712034022,2,0.85
0.664,21.770694654067,-3.22639610115072,2,0.85
0.665,21.7674686210253,-3.22688855149287,2,0.85
0.666,21.7642421060794,-3.22737408608623,2,0.85
0.667,21.7610151167053,-3.2278523298747,2,0.85
0.668,21.7577876607373,-3.22832291888405,2,0.85
0.669,21.7545597463558,-3.22878550100434,2,0.85
0.67,21.751331382074,-3.2292397366951,2,0.85
0.671,21.748102576725,-3.22968529961404,2,0.85
0.672,21.7448733394474,-3.2301218771693,2,0.85
0.673,21.741643679671,-3.23054917099567,2,0.85
0.674,21.7384136071016,-3.23096689735851,2,0.85
0.675,21.7351831317066,-3.23137478748521,2,0.85
0.676,21.7319522636989,-3.23177258782901,2,0.85
0.677,21.7287210135218,-3.23216006026604,2,0.85
0.678,21.7254893918335,-3.23253698223053,2,0.85
0.679,21.7222574094908,-3.23290314679025,2,0.85
0.68,21.7190250775344,-3.23325836266613,2,0.85
0.681,21.7157924071723,-3.23360245419976,2,0.85
0.682,21.712559409765,-3.23393526127207,2,0.85
0.683,21.70932609681,-3.23425663917706,2,0.85
0.684,21.7060924799264,-3.23456645845397,2,0.85
0.685,21.7028585708404,-3.23486460468177,2,0.85
0.686,21.6996243813701,-3.23515097823957,2,0.85
0.687,21.6963899234116,-3.23542549403576,2,0.85
0.688,21.6931552089246,-3.23568808121028,2,0.85
0.689,21.6899202499189,-3.2359386828124,2,0.85
0.69,21.6866850584408,-3.23617725545801,2,0.85
0.691,21.68344964656,-3.23640376896903,2,0.85
0.692,21.6802140263576,-3.23661820599583,2,0.85
0.693,21.6769782099128,-3.23682056163003,2,0.85
0.694,21.673742209292,-3.23701084300654,2,0.85
0.695,21.6705060365371,-3.23718906889841,2,0.85
0.696,21.6672697036541,-3.23735526930642,2,0.85
0.697,21.6640332226029,-3.23750948504628,2,0.85
0.698,21.6607966052872,-3.23765176733413,2,0.85
0.699,21.6575598635443,-3.2377821773737,2,0.85
0.7,21.6543230091361,-3.23790078594515,2,0.85
0.701,21.6510860537398,-3.23800767299809,2,0.85
0.702,21.6478490089397,-3.23810292724962,2,0.85
0.703,21.644611886219,-3.23818664578854,2,0.85
0.704,21.6413746969515,-3.23825893368655,2,0.85
0.705,21.6381374523948,-3.23831990361766,2,0.85
0.706,21.6349001636832,-3.23836967548609,2,0.85
0.707,21.6316628418205,-3.23840837606292,2,0.85
0.708,21.6284254976742,-3.23843613863288,2,0.85
0.709,21.6251881419692,-3.23845310265062,2,0.85
0.71,21.6219507852825,-3.23845941340663,2,0.85
0.711,21.6187134380374,-3.23845522170369,2,0.85
0.712,21.6154761104986,-3.23844068354317,2,0.85
0.713,21.6122388127676,-3.2384159598211,2,0.85
0.714,21.6090015547782,-3.23838121603414,2,0.85
0.715,21.6057643462923,-3.23833662199492,2,0.85
0.716,21.602527196896,-3.23828235155702,2,0.85
0.717,21.5992901159958,-3.23821858234834,2,0.85
0.718,21.5960531128156,-3.2381454955136,2,0.85
0.719,21.5928161963931,-3.23806327546469,2,0.85
0.72,21.5895793755773,-3.23797210963905,2,0.85
0.721,21.5863426590255,-3.23787218826567,2,0.85
0.722,21.5831060552011,-3.2377637041379,2,0.85
0.723,21.5798695723712,-3.23764685239298,2,0.85
0.724,21.5766332186048,-3.23752183029836,2,0.85
0.725,21.5733970017705,-3.2373888370433,2,0.85
0.726,21.5701609295355,-3.23724807353469,2,0.85
0.727,21.5669250093638,-3.23709974219649,2,0.85
0.728,21.563689248515,-3.23694404679453,2,0.85
0.729,21.5604536540434,-3.2367811922368,2,0.85
0.73,21.5572182327969,-3.23661138439164,2,0.85
0.731,21.5539829914165,-3.23643482990962,2,0.85
0.732,21.5507479363356,-3.23625173604953,2,0.85
0.733,21.5475130737799,-3.23606231058799,2,0.85
0.734,21.5442784097654,-3.23586676244757,2,0.85
0.735,21.5410439500976,-3.2356653018557,2,0.85
0.736,21.5378097003708,-3.23545813942955,2,0.85
0.737,21.5345756659696,-3.23524548560606,2,0.85
0.738,21.5313418520681,-3.23502755053419,2,0.85
0.739,21.5281082636315,-3.23480454393351,2,0.85
0.74,21.5248749054158,-3.23457667495957,2,0.85
0.741,21.5216417819692,-3.23434415206226,2,0.85
0.742,21.5184088976327,-3.23410718284386,2,0.85
0.743,21.5151762565413,-3.23386597391722,2,0.85
0.744,21.5119438626251,-3.23362073076515,2,0.85
0.745,21.5087117196107,-3.23337165760221,2,0.85
0.746,21.5054798310228,-3.2331189572395,2,0.85
0.747,21.5022482001854,-3.23286283095226,2,0.85
0.748,21.4990168302241,-3.23260347835211,2,0.85
0.749,21.4957857240673,-3.23234109726198,2,0.85
0.75,21.492554884679,-3.23207573014063,2,0.85
0.751,21.4893243138999,-3.2318081400196,2,0.85
0.752,21.4860940152982,-3.23153742940472,2,0.85
0.753,21.4828639892663,-3.23126541681998,2,0.85
0.754,21.4796342399063,-3.23099023462243,2,0.85
0.755,21.4764047669604,-3.23071416788818,2,0.85
0.756,21.4731755743528,-3.23043518925348,2,0.85
0.757,21.4699466615204,-3.23015561555671,2,0.85
0.758,21.4667180320256,-3.22987346765316,2,0.85
0.759,21.4634896850163,-3.22959103012318,2,0.85
0.76,21.4602616236606,-3.22930638315851,2,0.85
0.761,21.4570338468093,-3.22902176615002,2,0.85
0.762,21.4538063572279,-3.22873531488935,2,0.85
0.763,21.450579153468,-3.22844921809989,2,0.85
0.764,21.4473522378936,-3.22816166296828,2,0.85
0.765,21.4441256087617,-3.2278747841133,2,0.85
0.766,21.4408992680425,-3.22758681683598,2,0.85
0.767,21.4376732137078,-3.22729983932416,2,0.85
0.768,21.4344474473458,-3.2270121325491,2,0.85
0.769,21.4312219666564,-3.22672571671688,2,0.85
0.77,21.4279967728608,-3.22643891665936,2,0.85
0.771,21.4247718634025,-3.22615369361915,2,0.85
0.772,21.4215472391531,-3.22586841494931,2,0.85
0.773,21.4183228973165,-3.22558498237103,2,0.85
0.774,21.4150988384332,-3.22530180476934,2,0.85
0.775,21.4118750594864,-3.22502072410554,2,0.85
0.776,21.4086515691305,-3.22473457083115,2,0.85
0.777,21.4054284083102,-3.22441942081038,2,0.85
0.778,21.4022055335251,-3.22412361559093,2,0.85
0.779,21.3989830003818,-3.22379717473155,2,0.85
0.78,21.3957607547246,-3.22349663822993,2,0.85
0.781,21.3925387950391,-3.2232057464974,2,0.85
0.782,21.3893171129376,-3.22292366337681,2,0.85
0.783,21.3860957010538,-3.222649428962,2,0.85
0.784,21.3828745555095,-3.22238039721564,2,0.85
0.785,21.3796536703078,-3.22211709898812,2,0.85
0.786,21.3764330428391,-3.22185745224476,2,0.85
0.787,21.3732126680113,-3.2216024185442,2,0.85
0.788,21.369992543762,-3.22135029799066,2,0.85
0.789,21.3667726654532,-3.22110224152175,2,0.85
0.79,21.3635530312406,-3.22085676965685,2,0.85
0.791,21.3603336367038,-3.22061510741619,2,0.85
0.792,21.3571144800514,-3.22037590958093,2,0.85
0.793,21.3538955569627,-3.22014041472326,2,0.85
0.794,21.3506768656192,-3.21990736697143,2,0.85
0.795,21.3474584017443,-3.21967798692616,2,0.85
0.796,21.3442401634561,-3.21945108455199,2,0.85
0.797,21.3410221469553,-3.21922754170833,2,0.85
0.798,21.3378043486629,-3.21900750558227,2,0.85
0.799,21.3345867667644,-3.21878984837505,2,0.85
0.8,21.3313693972604,-3.21857565146435,2,0.85
0.801,21.3281522366155,-3.21836496560191,2,0.85
0.802,21.3249352828685,-3.21815675802164,2,0.85
0.803,21.3217185320377,-3.21795203194347,2,0.85
0.804,21.3185019805757,-3.21775083209429,2,0.85
0.805,21.3152856264153,-3.21755218628629,2,0.85
0.806,21.3120694656018,-3.21735702912862,2,0.85
0.807,21.3088534945964,-3.21716539495512,2,0.85
0.808,21.305637711245,-3.21697637156994,2,0.85
0.809,21.3024221116388,-3.21679082524628,2,0.85
0.81,21.2992066922657,-3.21660878018967,2,0.85
0.811,21.2959914509049,-3.21642938312244,2,0.85
0.812,21.2927763837111,-3.21625343325419,2,0.85
0.813,21.2895614872164,-3.21608094517656,2,0.85
0.814,21.2863467591524,-3.21591112377505,2,0.85
0.815,21.2831321957532,-3.21574470267473,2,0.85
0.816,21.2799177940507,-3.21558139442282,2,0.85
0.817,21.2767035502593,-3.21542164851242,2,0.85
0.818,21.2734894624752,-3.21526435952286,2,0.85
0.819,21.2702755268386,-3.21511046365774,2,0.85
0.82,21.2670617405068,-3.21495959462106,2,0.85
0.821,21.2638480998192,-3.21481217575846,2,0.85
0.822,21.2606346028263,-3.21466720704068,2,0.85
0.823,21.2574212458402,-3.21452551449191,2,0.85
0.824,21.2542080260875,-3.21438676351188,2,0.85
0.825,21.2509949405298,-3.21425101938848,2,0.85
0.826,21.2477819857102,-3.21411858299562,2,0.85
0.827,21.2445691598598,-3.21398842872365,2,0.85
0.828,21.2413564593947,-3.21386142533025,2,0.85
0.829,21.2381438817005,-3.21373721572247,2,0.85
0.83,21.2349314238862,-3.2136158654191,2,0.85
0.831,21.231719083203,-3.21349730126052,2,0.85
0.832,21.2285068563703,-3.21338185380259,2,0.85
0.833,21.2252947417947,-3.21326850766356,2,0.85
0.834,21.2220827361127,-3.21315810522229,2,0.85
0.835,21.2188708369133,-3.21305029191487,2,0.85
0.836,21.2156590415203,-3.21294512624639,2,0.85
0.837,21.2124473474025,-3.21284253123979,2,0.85
0.838,21.2092357520349,-3.21274247708693,2,0.85
0.839,21.2060242529451,-3.21264491862171,2,0.85
0.84,21.2028128471923,-3.21255015325329,2,0.85
0.841,21.199601533433,-3.21245721501133,2,0.85
0.842,21.1963903086525,-3.21236689617108,2,0.85
0.843,21.1931791707468,-3.21227885372633,2,0.85
0.844,21.1899681173662,-3.21219313696212,2,0.85
0.845,21.1867571463047,-3.21210966663603,2,0.85
0.846,21.1835462553681,-3.21202840848207,2,0.85
0.847,21.1803354424178,-3.21194931384354,2,0.85
0.848,21.177124705356,-3.21187233947635,2,0.85
0.849,21.1739140421304,-3.21179744048935,2,0.85
0.85,21.1707034507327,-3.21172457260868,2,0.85
0.851,21.1674929291993,-3.21165369129686,2,0.85
0.852,21.1642824756111,-3.21158475200586,2,0.85
0.853,21.1610720880938,-3.21151771006752,2,0.85
0.854,21.1578617648177,-3.21145252073064,2,0.85
0.855,21.1546515039981,-3.21138913916033,2,0.85
0.856,21.151441303908,-3.21132751186922,2,0.85
0.857,21.1482311628842,-3.21126757859385,2,0.85
0.858,21.1450210793047,-3.21120929164641,2,0.85
0.859,21.1418110515916,-3.21115260573477,2,0.85
0.86,21.1386010782129,-3.21109747526503,2,0.85
0.861,21.1353911576823,-3.21104385444484,2,0.85
0.862,21.1321812885594,-3.21099169742247,2,0.85
0.863,21.1289714694496,-3.21094095839621,2,0.85
0.864,21.1257616990039,-3.21089159170101,2,0.85
0.865,21.1225519759186,-3.21084355187633,2,0.85
0.866,21.119342298935,-3.21079679372178,2,0.85
0.867,21.1161326668392,-3.21075127234351,2,0.85
0.868,21.1129230784617,-3.21070694319316,2,0.85
0.869,21.109713532677,-3.21066376210231,2,0.85
0.87,21.1065040284028,-3.2106216853117,2,0.85
0.871,21.1032945646003,-3.21058066949823,2,0.85
0.872,21.1000851402732,-3.21054067179808,2,0.85
0.873,21.0968757544672,-3.21050164982897,2,0.85
0.874,21.0936664062697,-3.21046356170889,2,0.85
0.875,21.0904570948093,-3.21042636607466,2,0.85
0.876,21.0872478192549,-3.21039002209817,2,0.85
0.877,21.0840385788156,-3.21035448950164,2,0.85
0.878,21.0808293727399,-3.2103197285718,2,0.85
0.879,21.0776202005686,-3.21028553107731,2,0.85
0.88,21.0744110610995,-3.21025232315693,2,0.85
0.881,21.0712019542777,-3.21021948162404,2,0.85
0.882,21.0679928788845,-3.21018757500727,2,0.85
0.883,21.064783838913,-3.21015331712379,2,0.85
0.884,21.0615748474434,-3.21010955225642,2,0.85
0.885,21.0583658896999,-3.21007247239345,2,0.85
0.886,21.0551569665601,-3.21003703553418,2,0.85
0.887,21.0519480752038,-3.21000402717451,2,0.85
0.888,21.0487392150727,-3.20997220057586,2,0.85
0.889,21.0455303844792,-3.20994189344599,2,0.85
0.89,21.0423215931491,-3.20990560657135,2,0.85
0.891,21.0391128414441,-3.20986708537826,2,0.85
0.892,21.0359041216616,-3.20983295616515,2,0.85
0.893,21.032695432644,-3.20980106296344,2,0.85
0.894,21.029486773299,-3.20977064357768,2,0.85
0.895,21.0262781419839,-3.2097418108282,2,0.85
0.896,21.0230695382771,-3.20971378831518,2,0.85
0.897,21.0198609617077,-3.20968634979262,2,0.85
0.898,21.0166524113627,-3.20965971482534,2,0.85
0.899,21.0134438874622,-3.20963320096402,2,0.85
0.9,21.0102353891579,-3.20960729317517,2,0.85
0.901,21.0070269166364,-3.20958146296114,2,0.85
0.902,21.0038184699402,-3.20955563023357,2,0.85
0.903,21.0006100484877,-3.20953018461265,2,0.85
0.904,20.9974016528597,-3.20950448062101,2,0.85
0.905,20.994193282413,-3.20947911950159,2,0.85
0.906,20.9909849375791,-3.20945358483095,2,0.85
0.907,20.9877766185987,-3.20942783185625,2,0.85
0.908,20.9845683250112,-3.20940231329453,2,0.85
0.909,20.98136005759,-3.20937635699225,2,0.85
0.91,20.9781518157744,-3.20935062883195,2,0.85
0.911,20.9749436003916,-3.20932442501881,2,0.85
0.912,20.9717354109825,-3.20929836876349,2,0.85
0.913,20.9685272481242,-3.20927197682882,2,0.85
0.914,20.9653191122208,-3.20924520363173,2,0.85
0.915,20.9621110031761,-3.20921836732277,2,0.85
0.916,20.9589029211005,-3.20919143652644,2,0.85
0.917,20.9556948664723,-3.20916415508475,2,0.85
0.918,20.9524868397658,-3.20913644064383,2,0.85
0.919,20.9492788410391,-3.20910854294699,2,0.85
0.92,20.9460708703703,-3.20908053211369,2,0.85
0.921,20.9428629283259,-3.20905210582913,2,0.85
0.922,20.9396550154217,-3.20902319708801,2,0.85
0.923,20.9364471317626,-3.20899405749344,2,0.85
0.924,20.9332392774525,-3.20896477162702,2,0.85
0.925,20.9300314531101,-3.20893502450554,2,0.85
0.926,20.9268236592932,-3.20890475163885,2,0.85
0.927,20.9236158961307,-3.20887421738984,2,0.85
0.928,20.9204081637545,-3.2088435082605,2,0.85
0.929,20.9172004628181,-3.20881230483109,2,0.85
0.93,20.9139927939125,-3.20878054263143,2,0.85
0.931,20.9107851571815,-3.2087484981927,2,0.85
0.932,20.9075775527739,-3.20871626049969,2,0.85
0.933,20.9043699813689,-3.20868350544811,2,0.85
0.934,20.9011624435787,-3.20865016951738,2,0.85
0.935,20.8979549395557,-3.20861653852634,2,0.85
0.936,20.8947474694549,-3.20858270565208,2,0.85
0.937,20.8915400339718,-3.2085483417025,2,0.85
0.938,20.8883326337308,-3.20851338431881,2,0.85
0.939,20.8851252688833,-3.20847812819134,2,0.85
0.94,20.8819179395842,-3.20844266920767,2,0.85
0.941,20.8787106465351,-3.208406674569,2,0.85
0.942,20.8755033903638,-3.20837008279435,2,0.85
0.943,20.8722961712135,-3.20833319651859,2,0.85
0.944,20.8690889892312,-3.20829611389121,2,0.85
0.945,20.8658818451168,-3.20825849921639,2,0.85
0.946,20.8626747394928,-3.20822029194554,2,0.85
0.947,20.8594676724878,-3.20818180139937,2,0.85
0.948,20.8562606442347,-3.20814312780894,2,0.85
0.949,20.8530536554233,-3.20810393316097,2,0.85
0.95,20.8498467066639,-3.2080641578453,2,0.85
0.951,20.8466397980645,-3.20802411686944,2,0.85
0.952,20.8434329297382,-3.20798391202007,2,0.85
0.953,20.8402261023579,-3.20794320374037,2,0.85
0.954,20.837019316515,-3.20790193329493,2,0.85
0.955,20.833812572292,-3.20786042036201,2,0.85
0.956,20.830605869777,-3.20781876784135,2,0.85
0.957,20.8273992096201,-3.20777663532531,2,0.85
0.958,20.8241925923878,-3.20773396491989,2,0.85
0.959,20.8209860181332,-3.20769107992692,2,0.85
0.96,20.8177794869152,-3.20764808397022,2,0.85
0.961,20.8145729993556,-3.207604636442,2,0.85
0.962,20.8113665562332,-3.20756051900176,2,0.85
0.963,20.808160156742,-3.20751671582959,2,0.85
0.964,20.8049538019,-3.2074723383528,2,0.85
0.965,20.8017474917697,-3.20742772789188,2,0.85
0.966,20.7985412273487,-3.20738237445415,2,0.85
0.967,20.7953350075665,-3.20733748724933,2,0.85
0.968,20.7921288335304,-3.2072920170054,2,0.85
0.969,20.7889227052251,-3.20724636260537,2,0.85
0.97,20.7857166236252,-3.20719999687222,2,0.85
0.971,20.7825105876202,-3.20715413465137,2,0.85
0.972,20.77930459828,-3.20710772668278,2,0.85
0.973,20.7760986555508,-3.20706117275882,2,0.85
0.974,20.772892760366,-3.20701394763973,2,0.85
0.975,20.7696869115805,-3.20696726245394,2,0.85
0.976,20.7664811102216,-3.20692007216349,2,0.85
0.977,20.7632753561962,-3.20687277560159,2,0.85
0.978,20.7600696503934,-3.20682485066412,2,0.85
0.979,20.7568639916352,-3.20677750181264,2,0.85
0.98,20.7536583809034,-3.20672969040393,2,0.85
0.981,20.7504528180651,-3.2066818132651,2,0.85
0.982,20.7472473039628,-3.2066333523998,2,0.85
0.983,20.7440418373881,-3.20658550287218,2,0.85
0.984,20.7408364192746,-3.20653723452274,2,0.85
0.985,20.7376310494503,-3.20648894118744,2,0.85
0.986,20.7344257287095,-3.20644010992896,2,0.85
0.987,20.7312204558158,-3.20639192380022,2,0.85
0.988,20.7280152316534,-3.20634336314522,2,0.85
0.989,20.7248100560119,-3.20629481787421,2,0.85
0.99,20.7216049296361,-3.2062457810286,2,0.85
0.991,20.7183998512653,-3.20619742115824,2,0.85
0.992,20.715194821733,-3.20614873105188,2,0.85
0.993,20.7119898407918,-3.20610009580696,2,0.85
0.994,20.7087849091369,-3.20605101532953,2,0.85
0.995,20.7055800254863,-3.206002641297,2,0.85
0.996,20.7023751906227,-3.20595398080073,2,0.85
0.997,20.6991704042636,-3.20590541328767,2,0.85
0.998,20.6959656670542,-3.20585644637866,2,0.85
0.999,20.6927609776955,-3.20580821263506,2,0.85
1,20.6895563369195,-3.20575973522418,2,0.85
1.001,20.6863517444104,-3.2057113871542,2,0.85
1.002,20.6831472007643,-3.20566268457486,2,0.85
1.003,20.6799427046694,-3.20561473881683,2,0.85
1.004,20.676738256807,-3.20556659080906,2,0.85
1.005,20.6735338568309,-3.20551860638362,2,0.85
1.006,20.670329505289,-3.20547031099559,2,0.85
1.007,20.6671252008607,-3.20542279276086,2,0.85
1.008,20.6639209441781,-3.20537511196642,2,0.85
1.009,20.660716734867,-3.20532762658157,2,0.85
1.01,20.6575125734285,-3.20527987210443,2,0.85
1.011,20.6543084585376,-3.20523291158488,2,0.85
1.012,20.6511043907785,-3.20518582617233,2,0.85
1.013,20.6479003697519,-3.20513896533812,2,0.85
1.014,20.6446963959137,-3.20509187532115,2,0.85
1.015,20.6414924679393,-3.20504559238766,2,0.85
1.016,20.6382885863661,-3.20499921996038,2,0.85
1.017,20.6350847507733,-3.20495309842898,2,0.85
1.018,20.6318809615734,-3.20490678542977,2,0.85
1.019,20.6286772174463,-3.2048612888617,2,0.85
1.02,20.6254735188851,-3.20481573573726,2,0.85
1.021,20.6222698654503,-3.20477045683086,2,0.85
1.022,20.619066257513,-3.20472502179159,2,0.85
1.023,20.6158626937627,-3.20468040870149,2,0.85
1.024,20.6126591746496,-3.20463576938262,2,0.85
1.025,20.609455699719,-3.20459142451183,2,0.85
1.026,20.6062522693031,-3.20454695632283,2,0.85
1.027,20.6030488821051,-3.20450331176466,2,0.85
1.028,20.5998455385346,-3.20445966859267,2,0.85
1.029,20.5966422381253,-3.20441633695215,2,0.85
1.03,20.5934389809389,-3.20437306798679,2,0.85
1.031,20.5902357664748,-3.20433015368556,2,0.85
1.032,20.5870325941876,-3.20428772137444,2,0.85
1.033,20.5838294640865,-3.2042454435427,2,0.85
1.034,20.5806263758133,-3.20420345619857,2,0.85
1.035,20.5774233294137,-3.20416153513342,2,0.85
1.036,20.5742203242749,-3.20412004484663,2,0.85
1.037,20.5710173599181,-3.20407901745926,2,0.85
1.038,20.5678144363031,-3.20403817122989,2,0.85
1.039,20.5646115530697,-3.20399762549141,2,0.85
1.04,20.5614087102362,-3.20395716782249,2,0.85
1.041,20.558205907186,-3.20391715060225,2,0.85
1.042,20.555003143448,-3.20387759448533,2,0.85
1.043,20.5518004189553,-3.20383823666669,2,0.85
1.044,20.5485977333435,-3.20379918792213,2,0.85
1.045,20.5453950866052,-3.20376024716442,2,0.85
1.046,20.5421924781354,-3.20372174586392,2,0.85
1.047,20.5389899074634,-3.20368370491993,2,0.85
1.048,20.5357873745057,-3.20364587324974,2,0.85
1.049,20.5325848788959,-3.2036083555158,2,0.85
1.05,20.5293824206066,-3.20357096077632,2,0.85
1.051,20.5261799988113,-3.20353415825181,2,0.85
1.052,20.522977613819,-3.20349734705802,2,0.85
1.053,20.5197752646315,-3.20346119862542,2,0.85
1.054,20.5165729513592,-3.20342519749035,2,0.85
1.055,20.5133706735672,-3.20338953552216,2,0.85
1.056,20.5101684312793,-3.20335397073024,2,0.85
1.057,20.5069662236031,-3.20331903344581,2,0.85
1.058,20.5037640508667,-3.20328408650222,2,0.85
1.059,20.500561912112,-3.20324977537522,2,0.85
1.06,20.4973598074275,-3.20321561715178,2,0.85
1.061,20.494157736392,-3.20318179071046,2,0.85
1.062,20.4909556990137,-3.20314806938692,2,0.85
1.063,20.4877536944474,-3.20311494691476,2,0.85
1.064,20.4845517227454,-3.20308198902069,2,0.85
1.065,20.4813497837782,-3.20304917245641,2,0.85
1.066,20.4781478767273,-3.2030169488001,2,0.85
1.067,20.474946001655,-3.20298488122361,2,0.85
1.068,20.4717441581638,-3.20295313076626,2,0.85
1.069,20.4685423462832,-3.20292146641252,2,0.85
1.07,20.4653405651566,-3.20289040195173,2,0.85
1.071,20.4621388148678,-3.2028594816024,2,0.85
1.072,20.4589370952674,-3.20282870889442,2,0.85
1.073,20.4557354056186,-3.20279847677603,2,0.85
1.074,20.4525337459607,-3.20276839869934,2,0.85
1.075,20.4493321159271,-3.20273861633474,2,0.85
1.076,20.4461305155343,-3.20270892167564,2,0.85
1.077,20.4429289440028,-3.20267977596127,2,0.85
1.078,20.4397274014004,-3.20265076812969,2,0.85
1.079,20.4365258873666,-3.20262204665171,2,0.85
1.08,20.4333244019327,-3.20259339967931,2,0.85
1.081,20.4301229443292,-3.20256529077642,2,0.85
1.082,20.4269215146392,-3.20253730582558,2,0.85
1.083,20.4237201125147,-3.20250959417773,2,0.85
1.084,20.4205187377584,-3.20248210534442,2,0.85
1.085,20.4173173903919,-3.20245467626731,2,0.85
1.086,20.4141160696284,-3.20242779189606,2,0.85
1.087,20.4109147755956,-3.20240100389364,2,0.85
1.088,20.407713507956,-3.20237447308737,2,0.85
1.089,20.4045122665339,-3.20234814525189,2,0.85
1.09,20.4013110513504,-3.20232187089731,2,0.85
1.091,20.3981098616788,-3.20229609900649,2,0.85
1.092,20.3949086976417,-3.20227041294139,2,0.85
1.093,20.3917075589293,-3.20224496201593,2,0.85
1.094,20.3885064453839,-3.20221969465925,2,0.85
1.095,20.3853053570394,-3.20219446591796,2,0.85
1.096,20.3821042932074,-3.20216970909951,2,0.85
1.097,20.3789032540198,-3.20214502158957,2,0.85
1.098,20.3757022391921,-3.20212054697154,2,0.85
1.099,20.3725012485857,-3.20209623568291,2,0.85
1.1,20.3693002820157,-3.20207210227545,2,0.85
1.101,20.3660993393171,-3.20204813803291,2,0.85
1.102,20.3628984203232,-3.20202434153047,2,0.85
1.103,20.3596975251171,-3.20200054535797,2,0.85
1.104,20.3564966530323,-3.20197719386621,2,0.85
1.105,20.3532958042412,-3.20195387562723,2,0.85
1.106,20.3500949784909,-3.20193073704629,2,0.85
1.107,20.3468941756796,-3.20190772639534,2,0.85
1.108,20.3436933956564,-3.20188485890829,2,0.85
1.109,20.3404926385419,-3.20186195874241,2,0.85
1.11,20.337291903684,-3.20183948253179,2,0.85
1.111,20.3340911912898,-3.20181700956509,2,0.85
1.112,20.3308905011313,-3.20179468976044,2,0.85
1.113,20.3276898331336,-3.20177247092888,2,0.85
1.114,20.3244891871727,-3.20175036841151,2,0.85
1.115,20.3212885631461,-3.20172837308859,2,0.85
1.116,20.3180879609485,-3.20170648364504,2,0.85
1.117,20.3148873804809,-3.20168469557488,2,0.85
1.118,20.3116868216475,-3.20166300519861,2,0.85
1.119,20.3084862843568,-3.20164140836377,2,0.85
1.12,20.3052857685214,-3.20161990097337,2,0.85
1.121,20.3020852740583,-3.20159847884851,2,0.85
1.122,20.2988848008884,-3.20157713780967,2,0.85
1.123,20.2956843489369,-3.20155587367105,2,0.85
1.124,20.2924839181333,-3.20153468226003,2,0.85
1.125,20.289283508411,-3.20151355942301,2,0.85
1.126,20.2860831197078,-3.20149250103301,2,0.85
1.127,20.2828827519653,-3.20147150299434,2,0.85
1.128,20.2796824051292,-3.20145056124617,2,0.85
1.129,20.2764820791494,-3.20142967176521,2,0.85
1.13,20.2732817739795,-3.20140883056757,2,0.85
1.131,20.2700814895773,-3.20138803371016,2,0.85
1.132,20.2668812259042,-3.20136727729184,2,0.85
1.133,20.2636809829255,-3.20134655745464,2,0.85
1.134,20.2604807606106,-3.20132587038466,2,0.85
1.135,20.2572805589321,-3.20130521231313,2,0.85
1.136,20.2540803778674,-3.2012845790933,2,0.85
1.137,20.2508802173991,-3.20126396578644,2,0.85
1.138,20.2476800775123,-3.20124336893138,2,0.85
1.139,20.2444799581962,-3.20122278489013,2,0.85
1.14,20.2412798594432,-3.20120221012405,2,0.85
1.141,20.2380797812493,-3.20118164110671,2,0.85
1.142,20.234879723614,-3.20116107436372,2,0.85
1.143,20.2316796865401,-3.20114050646674,2,0.85
1.144,20.228479670034,-3.20111993404113,2,0.85
1.145,20.225279674105,-3.20109935376746,2,0.85
1.146,20.2220796987659,-3.20107876238391,2,0.85
1.147,20.2188797440326,-3.20105815668801,2,0.85
1.148,20.2156798099242,-3.20103753353757,2,0.85
1.149,20.2124798964627,-3.20101688985178,2,0.85
1.15,20.2092800036732,-3.20099622261172,2,0.85
1.151,20.2060801315836,-3.20097552886123,2,0.85
1.152,20.2028802802248,-3.20095480570671,2,0.85
1.153,20.1996804496304,-3.20093405031786,2,0.85
1.154,20.1964806398367,-3.20091325992764,2,0.85
1.155,20.193280850883,-3.20089243183214,2,0.85
1.156,20.1900810828107,-3.2008715633909,2,0.85
1.157,20.1868813356641,-3.20085065202673,2,0.85
1.158,20.1836816094898,-3.20082969522534,2,0.85
1.159,20.180481904337,-3.20080869053556,2,0.85
1.16,20.1772822202572,-3.20078763556883,2,0.85
1.161,20.1740825573039,-3.2007665279992,2,0.85
1.162,20.1708829155334,-3.20074536556289,2,0.85
1.163,20.1676832950036,-3.20072414605804,2,0.85
1.164,20.1644836957748,-3.20070286734438,2,0.85
1.165,20.1612841179094,-3.20068152734295,2,0.85
1.166,20.1580845614717,-3.20066012403569,2,0.85
1.167,20.1548850265278,-3.20063865546498,2,0.85
1.168,20.1516855131458,-3.20061711973326,2,0.85
1.169,20.1484860213957,-3.20059551500275,2,0.85
1.17,20.1452865513491,-3.20057383949479,2,0.85
1.171,20.1420871030793,-3.20055209148956,2,0.85
1.172,20.1388876766612,-3.20053026932542,2,0.85
1.173,20.1356882721715,-3.20050837139862,2,0.85
1.174,20.1324888896882,-3.20048639616281,2,0.85
1.175,20.1292895292907,-3.20046434212818,2,0.85
1.176,20.1260901910601,-3.20044220786152,2,0.85
1.177,20.1228908750785,-3.20041999198502,2,0.85
1.178,20.1196915814296,-3.20039769317635,2,0.85
1.179,20.1164923101982,-3.20037531016774,2,0.85
1.18,20.113293061226,-3.20035300453391,2,0.85
1.181,20.1100938351095,-3.20033032707871,2,0.85
1.182,20.1068946316091,-3.20030768530746,2,0.85
1.183,20.1036954509207,-3.20028492489751,2,0.85
1.184,20.1004962930903,-3.2002620941504,2,0.85
1.185,20.0972971582208,-3.20023917149347,2,0.85
1.186,20.0940980463971,-3.20021616143369,2,0.85
1.187,20.0908989577129,-3.20019305983734,2,0.85
1.188,20.0876998920052,-3.20017003641546,2,0.85
1.189,20.0845008499002,-3.20014662137257,2,0.85
1.19,20.0813018311502,-3.20012324106131,2,0.85
1.191,20.0781028359618,-3.20009973453945,2,0.85
1.192,20.0749038643856,-3.2000761521955,2,0.85
1.193,20.0717049165299,-3.20005247229378,2,0.85
1.194,20.0685059922453,-3.20002885960053,2,0.85
1.195,20.0653070921301,-3.2000048702344,2,0.85
1.196,20.0621082159588,-3.1999809057509,2,0.85
1.197,20.0589093639346,-3.19995681397922,2,0.85
1.198,20.0557105361124,-3.19993264323828,2,0.85
1.199,20.0525117326026,-3.19990837257466,2,0.85
1.2,20.0493129534973,-3.1998840070511,2,0.85
1.201,20.0461141988967,-3.19985954311801,2,0.85
1.202,20.0429154686582,-3.19983514162274,2,0.85
1.203,20.0397167633838,-3.19981035931414,2,0.85
1.204,20.036518082849,-3.19978559983084,2,0.85
1.205,20.033319427259,-3.19976071114178,2,0.85
1.206,20.0301207966702,-3.19973574176708,2,0.85
1.207,20.0269221909311,-3.19971084647372,2,0.85
1.208,20.0237236106822,-3.19968554875719,2,0.85
1.209,20.0205250556706,-3.19966028561801,2,0.85
1.21,20.0173265261098,-3.19963489149151,2,0.85
1.211,20.0141280220511,-3.19960941965858,2,0.85
1.212,20.0109295436058,-3.19958384757505,2,0.85
1.213,20.0077310908651,-3.19955818127395,2,0.85
1.214,20.0045326639284,-3.19953241729128,2,0.85
1.215,20.0013342626444,-3.19950672165115,2,0.85
1.216,19.9981358876286,-3.19948063835318,2,0.85
1.217,19.9949375386441,-3.19945458373804,2,0.85
1.218,19.9917392158973,-3.19942840112708,2,0.85
1.219,19.9885409191789,-3.1994023153832,2,0.85
1.22,19.9853426491422,-3.19937582622771,2,0.85
1.221,19.9821444055241,-3.19934937806895,2,0.85
1.222,19.9789461885366,-3.19932280227562,2,0.85
1.223,19.9757479982251,-3.19929615354395,2,0.85
1.224,19.972549834697,-3.19926940899189,2,0.85
1.225,19.9693516980382,-3.19924257508453,2,0.85
1.226,19.9661535883431,-3.19921564851323,2,0.85
1.227,19.9629555054585,-3.19918879323405,2,0.85
1.228,19.959757449987,-3.1991615598357,2,0.85
1.229,19.9565594216901,-3.19913435944013,2,0.85
1.23,19.9533614205166,-3.19910720413553,2,0.85
1.231,19.950163447035,-3.19907968487116,2,0.85
1.232,19.9469655010087,-3.19905220191394,2,0.85
1.233,19.9437675826313,-3.19902460206794,2,0.85
1.234,19.9405696919456,-3.19899693468326,2,0.85
1.235,19.9373718290504,-3.19896917886591,2,0.85
1.236,19.9341739940253,-3.19894134053563,2,0.85
1.237,19.9309761869571,-3.19891341675422,2,0.85
1.238,19.9277784079299,-3.19888540846338,2,0.85
1.239,19.9245806567731,-3.19885748573307,2,0.85
1.24,19.9213829341033,-3.19882918036145,2,0.85
1.241,19.9181852394013,-3.19880109356592,2,0.85
1.242,19.9149875734011,-3.1987725903269,2,0.85
1.243,19.9117899357892,-3.19874415722305,2,0.85
1.244,19.9085923267739,-3.19871560857227,2,0.85
1.245,19.9053947463802,-3.1986870048045,2,0.85
1.246,19.9021971947011,-3.19865832053263,2,0.85
1.247,19.8989996718063,-3.19862956308781,2,0.85
1.248,19.8958021777741,-3.19860072889808,2,0.85
1.249,19.8926047126797,-3.19857181910283,2,0.85
1.25,19.8894072765987,-3.19854283356281,2,0.85
1.251,19.8862098693479,-3.19851394506597,2,0.85
1.252,19.8830124912829,-3.19848485169212,2,0.85
1.253,19.8798151426667,-3.19845551466761,2,0.85
1.254,19.8766178233378,-3.19842620410564,2,0.85
1.255,19.8734205334361,-3.19839680909746,2,0.85
1.256,19.8702232729969,-3.19836736234747,2,0.85
1.257,19.8670260420962,-3.19833784774571,2,0.85
1.258,19.8638288407964,-3.1983082688571,2,0.85
1.259,19.8606316691654,-3.19827862320883,2,0.85
1.26,19.8574345272692,-3.19824891138311,2,0.85
1.261,19.854237415174,-3.19821913334518,2,0.85
1.262,19.8510403329451,-3.19818928964599,2,0.85
1.263,19.8478432801319,-3.19815972452145,2,0.85
1.264,19.8446462578759,-3.19812949111221,2,0.85
1.265,19.8414492655413,-3.19809945885112,2,0.85
1.266,19.8382523034222,-3.19806929759988,2,0.85
1.267,19.8350553714836,-3.19803911654654,2,0.85
1.268,19.8318584698127,-3.19800887091805,2,0.85
1.269,19.828661598454,-3.19797857394805,2,0.85
1.27,19.8254647574687,-3.19794821915891,2,0.85
1.271,19.8222679469119,-3.1979178082709,2,0.85
1.272,19.8190711668407,-3.19788734060815,2,0.85
1.273,19.8158744173109,-3.19785681679407,2,0.85
1.274,19.812677698125,-3.19782640608111,2,0.85
1.275,19.8094810096155,-3.1977958111965,2,0.85
1.276,19.8062843520186,-3.19776499749903,2,0.85
1.277,19.8030877251603,-3.19773422680417,2,0.85
1.278,19.7998911291586,-3.19770339190666,2,0.85
1.279,19.7966945640312,-3.1976725236355,2,0.85
1.28,19.7934980298342,-3.19764160692333,2,0.85
1.281,19.7903015266113,-3.19761064484705,2,0.85
1.282,19.7871050544114,-3.19757963515678,2,0.85
1.283,19.7839086132813,-3.19754857828105,2,0.85
1.284,19.7807122032682,-3.19751747418516,2,0.85
1.285,19.7775158241744,-3.19748648632093,2,0.85
1.286,19.7743194765571,-3.19745516544795,2,0.85
1.287,19.7711231598834,-3.19742408913246,2,0.85
1.288,19.767926874823,-3.19739264752888,2,0.85
1.289,19.7647306210391,-3.19736130892483,2,0.85
1.29,19.761534398699,-3.19732989301957,2,0.85
1.291,19.7583382077916,-3.19729845875049,2,0.85
1.292,19.7551420483724,-3.19726698136733,2,0.85
1.293,19.7519459204737,-3.19723546802559,2,0.85
1.294,19.7487498241369,-3.19720391520658,2,0.85
1.295,19.7455537593996,-3.19717232395493,2,0.85
1.296,19.7423577263008,-3.19714069404993,2,0.85
1.297,19.7391617246229,-3.1971091963626,2,0.85
1.298,19.735965754938,-3.19707736111581,2,0.85
1.299,19.7327698169348,-3.1970456210422,2,0.85
1.3,19.7295739105153,-3.19701397797481,2,0.85
1.301,19.7263780361911,-3.19698202615747,2,0.85
1.302,19.7231821936691,-3.19695016682892,2,0.85
1.303,19.7199863830899,-3.19691824460319,2,0.85
1.304,19.7167906044409,-3.19688630975742,2,0.85
1.305,19.7135948577667,-3.19685434096633,2,0.85
1.306,19.7103991430923,-3.19682234423163,2,0.85
1.307,19.7072034604503,-3.19679031649452,2,0.85
1.308,19.7040078098702,-3.19675825859875,2,0.85
1.309,19.7008121911434,-3.19672632981347,2,0.85
1.31,19.6976166048006,-3.19669409023392,2,0.85
1.311,19.6944210505445,-3.19666194526464,2,0.85
1.312,19.6912255285136,-3.19662973945957,2,0.85
1.313,19.6880300386902,-3.19659752522425,2,0.85
1.314,19.6848345808589,-3.19656545174138,2,0.85
1.315,19.681639155576,-3.19653305422726,2,0.85
1.316,19.6784437625197,-3.19650076330911,2,0.85
1.317,19.675248401832,-3.19646841331713,2,0.85
1.318,19.6720530734895,-3.19643605907979,2,0.85
1.319,19.6688577775306,-3.19640367786911,2,0.85
1.32,19.6656625139723,-3.19637127641084,2,0.85
1.321,19.6624672828396,-3.19633885143221,2,0.85
1.322,19.6592720839144,-3.19630656414951,2,0.85
1.323,19.6560769177232,-3.19627397152282,2,0.85
1.324,19.6528817839596,-3.19624148157795,2,0.85
1.325,19.6496866827564,-3.19620893726059,2,0.85
1.326,19.6464916140885,-3.19617639151109,2,0.85
1.327,19.6432965779905,-3.19614382229201,2,0.85
1.328,19.6401015744756,-3.19611123636148,2,0.85
1.329,19.6369066033185,-3.19607879513706,2,0.85
1.33,19.6337116650551,-3.19604604478224,2,0.85
1.331,19.6305167593669,-3.19601340376961,2,0.85
1.332,19.6273218863862,-3.19598071102543,2,0.85
1.333,19.624127046084,-3.19594802028556,2,0.85
1.334,19.6209322384917,-3.19591530933022,2,0.85
1.335,19.6177374636196,-3.19588258479935,2,0.85
1.336,19.614542721486,-3.19584984344294,2,0.85
1.337,19.6113480118534,-3.19581725496592,2,0.85
1.338,19.608153335269,-3.1957843524899,2,0.85
1.339,19.6049586914014,-3.19575156631976,2,0.85
1.34,19.6017640803836,-3.1957187302239,2,0.85
1.341,19.5985695021815,-3.19568590030921,2,0.85
1.342,19.5953749568241,-3.19565305302632,2,0.85
1.343,19.5921804443181,-3.19562019550346,2,0.85
1.344,19.5889859646791,-3.1955873241606,2,0.85
1.345,19.5857915179196,-3.1955544399429,2,0.85
1.346,19.5825971038105,-3.19552170414161,2,0.85
1.347,19.5794027228732,-3.19548867011591,2,0.85
1.348,19.5762083747879,-3.19545575002515,2,0.85
1.349,19.573014059679,-3.19542278479918,2,0.85
1.35,19.5698197775119,-3.19538982774668,2,0.85
1.351,19.5666255283115,-3.19535685674104,2,0.85
1.352,19.5634313120818,-3.19532387838679,2,0.85
1.353,19.5602371288352,-3.19529088938015,2,0.85
1.354,19.5570429783324,-3.19525805641754,2,0.85
1.355,19.5538488611056,-3.19522492051105,2,0.85
1.356,19.5506547768227,-3.1951919050662,2,0.85
1.357,19.5474607256096,-3.19515884590034,2,0.85
1.358,19.5442667074266,-3.19512579856825,2,0.85
1.359,19.5410727222971,-3.19509273960734,2,0.85
1.36,19.5378787702221,-3.19505967608585,2,0.85
1.361,19.5346848512117,-3.19502660436842,2,0.85
1.362,19.5314909652726,-3.19499352535169,2,0.85
1.363,19.5282971124129,-3.1949604385284,2,0.85
1.364,19.5251032926401,-3.1949273441347,2,0.85
1.365,19.5219095059616,-3.19489424225332,2,0.85
1.366,19.5187157523846,-3.19486113310869,2,0.85
1.367,19.5155220316687,-3.194828181884,2,0.85
1.368,19.5123283443394,-3.19479493271837,2,0.85
1.369,19.509134690063,-3.19476180695159,2,0.85
1.37,19.5059410689607,-3.19472864134735,2,0.85
1.371,19.5027474809901,-3.19469549086486,2,0.85
1.372,19.4995539261703,-3.19466233257183,2,0.85
1.373,19.496360404499,-3.19462917330967,2,0.85
1.374,19.4931669157441,-3.19459616843525,2,0.85
1.375,19.4899734604089,-3.19456287936819,2,0.85
1.376,19.4867800381695,-3.19452971164013,2,0.85
1.377,19.4835866491415,-3.19449650720331,2,0.85
1.378,19.4803932932814,-3.19446331963879,2,0.85
1.379,19.4771999706064,-3.19443012613256,2,0.85
1.38,19.4740066811122,-3.19439693352411,2,0.85
1.381,19.4708134248033,-3.19436373822001,2,0.85
1.382,19.4676202016812,-3.19433054106597,2,0.85
1.383,19.4644270117484,-3.19429734152842,2,0.85
1.384,19.4612338550072,-3.19426413980878,2,0.85
1.385,19.4580407314595,-3.1942309359566,2,0.85
1.386,19.4548476411073,-3.19419773016317,2,0.85
1.387,19.4516545839521,-3.19416452261584,2,0.85
1.388,19.4484615599954,-3.19413131353439,2,0.85
1.389,19.4452685692385,-3.19409810314429,2,0.85
1.39,19.4420756116822,-3.19406489167958,2,0.85
1.391,19.4388826873273,-3.19403167937736,2,0.85
1.392,19.4356897961743,-3.19399846647708,2,0.85
1.393,19.4324969382233,-3.19396525321904,2,0.85
1.394,19.4293041134745,-3.19393203984357,2,0.85
1.395,19.426111321688,-3.19389898626075,2,0.85
1.396,19.4229185633665,-3.19386565089262,2,0.85
1.397,19.4197258381783,-3.19383244262439,2,0.85
1.398,19.4165331462352,-3.19379920219614,2,0.85
1.399,19.4133404874886,-3.19376598355202,2,0.85
1.4,19.4101478619506,-3.19373276405373,2,0.85
1.401,19.4069552693712,-3.19369971097522,2,0.85
1.402,19.4037627102554,-3.19366637657866,2,0.85
1.403,19.4005701842665,-3.19363317291238,2,0.85
1.404,19.3973776915163,-3.19359993838662,2,0.85
1.405,19.3941852319531,-3.19356672799005,2,0.85
1.406,19.3909928055882,-3.19353351810695,2,0.85
1.407,19.3878004124105,-3.19350031580967,2,0.85
1.408,19.384608052418,-3.19346711731456,2,0.85
1.409,19.3814157256057,-3.19343392348015,2,0.85
1.41,19.3782234319697,-3.19340073371266,2,0.85
1.411,19.3750311715059,-3.19336754819393,2,0.85
1.412,19.3718389442098,-3.19333436694352,2,0.85
1.413,19.368646750077,-3.19330119013202,2,0.85
1.414,19.3654545891028,-3.19326801792518,2,0.85
1.415,19.3622624612823,-3.19323485052399,2,0.85
1.416,19.3590703666103,-3.19320168813562,2,0.85
1.417,19.3558783050816,-3.19316853097686,2,0.85
1.418,19.3526862766905,-3.19313537926832,2,0.85
1.419,19.3494942814313,-3.19310223323345,2,0.85
1.42,19.3463023192979,-3.19306909309701,2,0.85
1.421,19.3431103902842,-3.19303595908455,2,0.85
1.422,19.3399184943837,-3.19300283142102,2,0.85
1.423,19.3367266315897,-3.19296971033062,2,0.85
1.424,19.3335348018953,-3.19293659603605,2,0.85
1.425,19.3303430052933,-3.19290348875825,2,0.85
1.426,19.3271512417765,-3.19287038871632,2,0.85
1.427,19.3239595113372,-3.19283729612732,2,0.85
1.428,19.3207678139678,-3.19280421120657,2,0.85
1.429,19.3175761496601,-3.19277113416755,2,0.85
1.43,19.314384518406,-3.19273806522225,2,0.85
1.431,19.3111929201972,-3.19270500458116,2,0.85
1.432,19.3080013550249,-3.19267195245326,2,0.85
1.433,19.3048098228804,-3.19263890904624,2,0.85
1.434,19.3016183237547,-3.1926058745666,2,0.85
1.435,19.2984268576384,-3.19257284921948,2,0.85
1.436,19.2952354245222,-3.19253983320873,2,0.85
1.437,19.2920440243965,-3.1925068267372,2,0.85
1.438,19.2888526572513,-3.19247383000625,2,0.85
1.439,19.2856613230767,-3.19244084321635,2,0.85
1.44,19.2824700218625,-3.19240786656674,2,0.85
1.441,19.2792787535981,-3.19237490025561,2,0.85
1.442,19.2760875182729,-3.19234194448018,2,0.85
1.443,19.2728963158763,-3.19230899943639,2,0.85
1.444,19.269705146397,-3.19227606531952,2,0.85
1.445,19.2665140098239,-3.1922431423235,2,0.85
1.446,19.2633229061456,-3.19221023064156,2,0.85
1.447,19.2601318353505,-3.19217733046568,2,0.85
1.448,19.2569407974268,-3.19214444198699,2,0.85
1.449,19.2537497923625,-3.19211156539549,2,0.85
1.45,19.2505588201455,-3.1920787008802,2,0.85
1.451,19.2473678807634,-3.192045848629,2,0.85
1.452,19.2441769742037,-3.19201300882877,2,0.85
1.453,19.2409861004535,-3.19198018166525,2,0.85
1.454,19.2377952595002,-3.19194736732304,2,0.85
1.455,19.2346044513304,-3.19191456598556,2,0.85
1.456,19.2314136759311,-3.19188177783513,2,0.85
1.457,19.2282229332886,-3.19184900305276,2,0.85
1.458,19.2250322231516,-3.19181640041169,2,0.85
1.459,19.221841546007,-3.19178353042935,2,0.85
1.46,19.2186509015092,-3.19175080180418,2,0.85
1.461,19.215460289759,-3.19171805306738,2,0.85
1.462,19.2122697106926,-3.19168534015301,2,0.85
1.463,19.2090791643103,-3.19165263901398,2,0.85
1.464,19.2058886505892,-3.19161995707888,2,0.85
1.465,19.202698169516,-3.19158729042415,2,0.85
1.466,19.199507721074,-3.19155463996744,2,0.85
1.467,19.1963173052479,-3.1915220050482,2,0.85
1.468,19.1931269220222,-3.19148938581751,2,0.85
1.469,19.1899365711415,-3.19145694199966,2,0.85
1.47,19.1867462530945,-3.19142423078433,2,0.85
1.471,19.1835559675311,-3.19139166390265,2,0.85
1.472,19.180365714551,-3.19135907867586,2,0.85
1.473,19.1771754940886,-3.19132653104082,2,0.85
1.474,19.1739853061422,-3.19129399714927,2,0.85
1.475,19.170795150687,-3.1912614842603,2,0.85
1.476,19.1676050277079,-3.19122898854812,2,0.85
1.477,19.1644149371865,-3.19119651074586,2,0.85
1.478,19.161224879106,-3.19116405015283,2,0.85
1.479,19.1580348534491,-3.19113160688567,2,0.85
1.48,19.1548448601986,-3.19109918078262,2,0.85
1.481,19.1516548993373,-3.19106677188155,2,0.85
1.482,19.148464970848,-3.19103438026895,2,0.85
1.483,19.1452750747131,-3.19100200605847,2,0.85
1.484,19.1420852109151,-3.19096964937001,2,0.85
1.485,19.1388953794363,-3.1909373103305,2,0.85
1.486,19.1357055802588,-3.19090498906823,2,0.85
1.487,19.1325158133647,-3.19087268571179,2,0.85
1.488,19.1293260787359,-3.19084040038847,2,0.85
1.489,19.1261363763541,-3.19080813322369,2,0.85
1.49,19.1229467062011,-3.19077588434044,2,0.85
1.491,19.1197570682584,-3.19074365385955,2,0.85
1.492,19.1165674625073,-3.19071144189932,2,0.85
1.493,19.1133778889293,-3.19067924857581,2,0.85
1.494,19.1101883475055,-3.19064707400277,2,0.85
1.495,19.106998838217,-3.19061491829151,2,0.85
1.496,19.1038093610448,-3.19058278155108,2,0.85
1.497,19.1006199159698,-3.19055066388793,2,0.85
1.498,19.0974305029727,-3.19051856540609,2,0.85
1.499,19.0942411220342,-3.19048648620708,2,0.85
1.5,19.0910517731348,-3.19045442638974,2,0.85
1.501,19.0878624562552,-3.19042238605053,2,0.85
1.502,19.0846731713756,-3.19039036528333,2,0.85
1.503,19.0814839184763,-3.19035836417944,2,0.85
1.504,19.0782946975376,-3.19032638282785,2,0.85
1.505,19.0751055085396,-3.19029442131491,2,0.85
1.506,19.0719163514623,-3.19026247972469,2,0.85
1.507,19.0687272262857,-3.19023055813873,2,0.85
1.508,19.0655381329896,-3.19019865663598,2,0.85
1.509,19.062349071554,-3.19016677529325,2,0.85
1.51,19.0591600419584,-3.19013491418453,2,0.85
1.511,19.0559710441827,-3.19010307338155,2,0.85
1.512,19.0527820782063,-3.19007125295343,2,0.85
1.513,19.0495931440088,-3.19003945296686,2,0.85
1.514,19.0464042415698,-3.19000767348612,2,0.85
1.515,19.0432153708685,-3.18997591457274,2,0.85
1.516,19.0400265318843,-3.18994417628598,2,0.85
1.517,19.0368377245966,-3.18991245868246,2,0.85
1.518,19.0336489489845,-3.18988076181635,2,0.85
1.519,19.0304602050274,-3.1898490857393,2,0.85
1.52,19.0272714927042,-3.18981743050036,2,0.85
1.521,19.0240828119942,-3.18978579614614,2,0.85
1.522,19.0208941628763,-3.1897541827208,2,0.85
1.523,19.0177055453296,-3.18972259026564,2,0.85
1.524,19.0145169593331,-3.18969101881973,2,0.85
1.525,19.0113284048656,-3.18965946841947,2,0.85
1.526,19.0081398819062,-3.1896279390988,2,0.85
1.527,19.0049513904337,-3.18959643088898,2,0.85
1.528,19.001762930427,-3.18956494381877,2,0.85
1.529,18.9985745018648,-3.1895334779145,2,0.85
1.53,18.995386104726,-3.18950203319983,2,0.85
1.531,18.9921977389894,-3.18947060969591,2,0.85
1.532,18.9890094046337,-3.18943920742143,2,0.85
1.533,18.9858211016378,-3.18940782639238,2,0.85
1.534,18.9826328299802,-3.1893764666225,2,0.85
1.535,18.9794445896399,-3.18934512812262,2,0.85
1.536,18.9762563805954,-3.18931381090143,2,0.85
1.537,18.9730682028255,-3.18928251496496,2,0.85
1.538,18.969880056309,-3.18925124031673,2,0.85
1.539,18.9666919410245,-3.18921998695782,2,0.85
1.54,18.9635038569507,-3.18918875488685,2,0.85
1.541,18.9603158040665,-3.18915754409983,2,0.85
1.542,18.9571277823505,-3.18912635459061,2,0.85
1.543,18.9539397917814,-3.18909518635032,2,0.85
1.544,18.9507518323381,-3.18906403936791,2,0.85
1.545,18.9475639039993,-3.18903291362965,2,0.85
1.546,18.9443760067437,-3.18900180911973,2,0.85
1.547,18.9411881405502,-3.18897072581975,2,0.85
1.548,18.9380003053977,-3.18893966370905,2,0.85
1.549,18.9348125012649,-3.18890862276471,2,0.85
1.55,18.9316247281307,-3.18887760296128,2,0.85
1.551,18.9284369859741,-3.18884660427125,2,0.85
1.552,18.925249274774,-3.18881562666472,2,0.85
1.553,18.9220615945094,-3.1887846701095,2,0.85
1.554,18.9188739451592,-3.18875373457129,2,0.85
1.555,18.9156863267025,-3.18872282001356,2,0.85
1.556,18.9124987391185,-3.1886919263975,2,0.85
1.557,18.9093111823861,-3.18866105368227,2,0.85
1.558,18.9061236564847,-3.18863020182482,2,0.85
1.559,18.9029361613934,-3.18859937077994,2,0.85
1.56,18.8997486970914,-3.18856856050057,2,0.85
1.561,18.8965612635582,-3.18853777093725,2,0.85
1.562,18.893373860773,-3.18850700203885,2,0.85
1.563,18.8901864887153,-3.18847625375194,2,0.85
1.564,18.8869991473645,-3.18844552602128,2,0.85
1.565,18.8838118367003,-3.18841481878968,2,0.85
1.566,18.8806245569407,-3.18838397290468,2,0.85
1.567,18.8774373075615,-3.18835343043635,2,0.85
1.568,18.8742500888795,-3.18832277785789,2,0.85
1.569,18.8710629007551,-3.18829218156128,2,0.85
1.57,18.8678757432199,-3.18826158308196,2,0.85
1.571,18.8646886162379,-3.18823100781831,2,0.85
1.572,18.8615015197978,-3.18820044783974,2,0.85
1.573,18.858314453878,-3.18816990740137,2,0.85
1.574,18.8551274184602,-3.18813938556872,2,0.85
1.575,18.8519404135248,-3.18810888313372,2,0.85
1.576,18.8487534390524,-3.18807840002286,2,0.85
1.577,18.8455664950236,-3.18804793637408,2,0.85
1.578,18.8423795814188,-3.18801749215904,2,0.85
1.579,18.8391926982188,-3.1879870673576,2,0.85
1.58,18.8360058454042,-3.18795666190841,2,0.85
1.581,18.8328190229557,-3.18792627574069,2,0.85
1.582,18.8296322308542,-3.18789590877063,2,0.85
1.583,18.8264454690806,-3.18786556090858,2,0.85
1.584,18.8232587376161,-3.18783523206073,2,0.85
1.585,18.8200720364417,-3.18780492213072,2,0.85
1.586,18.8168853655386,-3.18777463102065,2,0.85
1.587,18.8136987248882,-3.18774435863184,2,0.85
1.588,18.810512114472,-3.18771410486443,2,0.85
1.589,18.8073255342714,-3.18768386961809,2,0.85
1.59,18.8041389842681,-3.18765365279178,2,0.85
1.591,18.8009524644439,-3.18762345428371,2,0.85
1.592,18.7977659747805,-3.18759327399144,2,0.85
1.593,18.79457951526,-3.18756311181225,2,0.85
1.594,18.7913930858643,-3.18753296764264,2,0.85
1.595,18.7882066865757,-3.18750284137906,2,0.85
1.596,18.7850203173764,-3.18747273291733,2,0.85
1.597,18.7818339782487,-3.18744264215316,2,0.85
1.598,18.7786476691751,-3.1874125689818,2,0.85
1.599,18.7754613901382,-3.18738251329811,2,0.85
1.6,18.7722751411206,-3.1873524749967,2,0.85
1.601,18.7690889221052,-3.18732245397157,2,0.85
1.602,18.7659027330748,-3.18729245011634,2,0.85
1.603,18.7627165740124,-3.18726246332418,2,0.85
1.604,18.7595304449012,-3.18723249348769,2,0.85
1.605,18.7563443457243,-3.18720254049896,2,0.85
1.606,18.753158276465,-3.18717260424971,2,0.85
1.607,18.7499722371069,-3.18714268463095,2,0.85
1.608,18.7467862276334,-3.18711278153344,2,0.85
1.609,18.7436002480281,-3.18708289484712,2,0.85
1.61,18.7404142982749,-3.18705302446178,2,0.85
1.611,18.7372283783576,-3.1870231702663,2,0.85
1.612,18.7340424882602,-3.18699333214942,2,0.85
1.613,18.7308566279668,-3.18696350999906,2,0.85
1.614,18.7276707974616,-3.18693370370291,2,0.85
1.615,18.7244849967289,-3.18690391314799,2,0.85
1.616,18.7212992257531,-3.18687413822096,2,0.85
1.617,18.7181134845188,-3.18684437880777,2,0.85
1.618,18.7149277730107,-3.18681463479431,2,0.85
1.619,18.7117420912136,-3.18678490606558,2,0.85
1.62,18.7085564391122,-3.1867551925065,2,0.85
1.621,18.7053708166917,-3.18672549400141,2,0.85
1.622,18.7021852239372,-3.18669581043427,2,0.85
1.623,18.6989996608339,-3.18666614168871,2,0.85
1.624,18.6958141273671,-3.18663648764803,2,0.85
1.625,18.6926286235224,-3.1866068481951,2,0.85
1.626,18.6894431492853,-3.18657722321261,2,0.85
1.627,18.6862577046416,-3.1865476125828,2,0.85
1.628,18.683072289577,-3.18651801618787,2,0.85
1.629,18.6798869040775,-3.18648843390956,2,0.85
1.63,18.6767015481293,-3.18645886562956,2,0.85
1.631,18.6735162217184,-3.18642931122926,2,0.85
1.632,18.6703309248312,-3.18639977059003,2,0.85
1.633,18.667145657454,-3.18637024359291,2,0.85
1.634,18.6639604195736,-3.18634073011898,2,0.85
1.635,18.6607752111764,-3.18631123004912,2,0.85
1.636,18.6575900322493,-3.18628174326428,2,0.85
1.637,18.6544048827791,-3.1862522696453,2,0.85
1.638,18.651219762753,-3.18622280907296,2,0.85
1.639,18.648034672158,-3.18619336142825,2,0.85
1.64,18.6448496109813,-3.18616392657078,2,0.85
1.641,18.6416645792106,-3.1861345043166,2,0.85
1.642,18.6384795768334,-3.18610509455454,2,0.85
1.643,18.6352946038374,-3.1860756971625,2,0.85
1.644,18.6321096602103,-3.18604631202136,2,0.85
1.645,18.6289247459402,-3.18601693900985,2,0.85
1.646,18.6257398610151,-3.18598757795808,2,0.85
1.647,18.6225550054233,-3.18595822871114,2,0.85
1.648,18.6193701791532,-3.18592889115118,2,0.85
1.649,18.6161853821933,-3.18589956515607,2,0.85
1.65,18.6130006145323,-3.18587025060423,2,0.85
1.651,18.6098158761588,-3.18584094737387,2,0.85
1.652,18.6066311670617,-3.18581165534309,2,0.85
1.653,18.6034464872301,-3.18578237439076,2,0.85
1.654,18.600261836653,-3.18575310439604,2,0.85
1.655,18.5970772153196,-3.18572384523897,2,0.85
1.656,18.5938926232193,-3.18569459680027,2,0.85
1.657,18.5907080603416,-3.18566535896156,2,0.85
1.658,18.587523526676,-3.18563613160526,2,0.85
1.659,18.5843390222123,-3.18560691461464,2,0.85
1.66,18.5811545469402,-3.18557770787423,2,0.85
1.661,18.5779701008497,-3.18554851126916,2,0.85
1.662,18.5747856839307,-3.1855193246857,2,0.85
1.663,18.5716012961736,-3.18549014801103,2,0.85
1.664,18.5684169375684,-3.1854609811333,2,0.85
1.665,18.5652326081057,-3.18543182394159,2,0.85
1.666,18.5620483077758,-3.18540267632609,2,0.85
1.667,18.5588640365694,-3.1853735381777,2,0.85
1.668,18.5556797944771,-3.18534440938842,2,0.85
1.669,18.5524955814899,-3.18531528985115,2,0.85
1.67,18.5493113975985,-3.1852861794596,2,0.85
1.671,18.546127242794,-3.18525707810864,2,0.85
1.672,18.5429431170675,-3.18522798569367,2,0.85
1.673,18.5397590204102,-3.18519890211137,2,0.85
1.674,18.5365749528135,-3.1851698272589,2,0.85
1.675,18.5333909142688,-3.18514076103474,2,0.85
1.676,18.5302069047676,-3.18511170333772,2,0.85
1.677,18.5270229243016,-3.18508265406782,2,0.85
1.678,18.5238389728624,-3.18505361312582,2,0.85
1.679,18.5206550504419,-3.18502458041318,2,0.85
1.68,18.517471157032,-3.18499555583234,2,0.85
1.681,18.5142872926247,-3.18496653928644,2,0.85
1.682,18.5111034572121,-3.18493753067939,2,0.85
1.683,18.5079196507865,-3.18490852991603,2,0.85
1.684,18.5047358733402,-3.18487953690175,2,0.85
1.685,18.5015521248654,-3.18485055154291,2,0.85
1.686,18.4983684053548,-3.18482157374663,2,0.85
1.687,18.4951847148009,-3.18479260342066,2,0.85
1.688,18.4920010531964,-3.18476364047358,2,0.85
1.689,18.488817420534,-3.1847346848148,2,0.85
1.69,18.4856338168065,-3.1847057363544,2,0.85
1.691,18.482450242007,-3.18467679500317,2,0.85
1.692,18.4792666961284,-3.18464786067282,2,0.85
1.693,18.4760831791639,-3.18461893327557,2,0.85
1.694,18.4728996911066,-3.18459001272468,2,0.85
1.695,18.4697162319499,-3.18456109893382,2,0.85
1.696,18.4665328016871,-3.18453219181779,2,0.85
1.697,18.4633494003116,-3.18450329129181,2,0.85
1.698,18.460166027817,-3.18447439727197,2,0.85
1.699,18.456982684197,-3.18444550967518,2,0.85
1.7,18.4537993694452,-3.18441662841906,2,0.85
1.701,18.4506160835554,-3.18438775342192,2,0.85
1.702,18.4474328265214,-3.18435888460291,2,0.85
1.703,18.4442495983373,-3.18433002188179,2,0.85
1.704,18.4410663989971,-3.18430116517942,2,0.85
1.705,18.4378832284947,-3.18427231441697,2,0.85
1.706,18.4347000868245,-3.18424346951669,2,0.85
1.707,18.4315169739807,-3.18421463040153,2,0.85
1.708,18.4283338899575,-3.1841857969952,2,0.85
1.709,18.4251508347495,-3.18415696922207,2,0.85
1.71,18.4219678083511,-3.18412814700745,2,0.85
1.711,18.4187848107568,-3.18409933027734,2,0.85
1.712,18.4156018419613,-3.18407051895856,2,0.85
1.713,18.4124189019593,-3.18404171297859,2,0.85
1.714,18.4092359907455,-3.18401291226587,2,0.85
1.715,18.4060531083148,-3.18398411674946,2,0.85
1.716,18.4028702546621,-3.18395532635936,2,0.85
1.717,18.3996874297824,-3.1839265410262,2,0.85
1.718,18.3965046336707,-3.18389776068149,2,0.85
1.719,18.3933218663221,-3.18386898525754,2,0.85
1.72,18.3901391277319,-3.18384021468733,2,0.85
1.721,18.3869564178952,-3.18381144890484,2,0.85
1.722,18.3837737368074,-3.18378268784457,2,0.85
1.723,18.3805910844639,-3.18375393144205,2,0.85
1.724,18.37740846086,-3.1837251796335,2,0.85
1.725,18.3742258659914,-3.18369643235593,2,0.85
1.726,18.3710432998535,-3.18366768954714,2,0.85
1.727,18.367860762442,-3.18363895114575,2,0.85
1.728,18.3646782537526,-3.18361021709104,2,0.85
1.729,18.3614957737809,-3.18358148732335,2,0.85
1.73,18.3583133225229,-3.18355276178351,2,0.85
1.731,18.3551308999744,-3.18352404041339,2,0.85
1.732,18.3519485061313,-3.18349532315542,2,0.85
1.733,18.3487661409895,-3.18346660995305,2,0.85
1.734,18.3455838045452,-3.18343790075027,2,0.85
1.735,18.3424014967943,-3.18340919549204,2,0.85
1.736,18.339219217733,-3.18338049412401,2,0.85
1.737,18.3360369673576,-3.18335179659269,2,0.85
1.738,18.3328547456642,-3.18332310284516,2,0.85
1.739,18.3296725526492,-3.18329441282958,2,0.85
1.74,18.3264903883089,-3.18326572649464,2,0.85
1.741,18.3233082526396,-3.1832370437899,2,0.85
1.742,18.3201261456379,-3.18320836466569,2,0.85
1.743,18.3169440673003,-3.18317968907299,2,0.85
1.744,18.3137620176232,-3.18315101696378,2,0.85
1.745,18.3105799966033,-3.18312234829049,2,0.85
1.746,18.3073980042372,-3.18309368300663,2,0.85
1.747,18.3042160405216,-3.18306502106611,2,0.85
1.748,18.3010341054531,-3.18303636242399,2,0.85
1.749,18.2978521990287,-3.18300770703568,2,0.85
1.75,18.294670321245,-3.18297905485762,2,0.85
1.751,18.291488472099,-3.18295040584686,2,0.85
1.752,18.2883066515875,-3.18292175996116,2,0.85
1.753,18.2851248597076,-3.18289311715918,2,0.85
1.754,18.281943096456,-3.18286447739999,2,0.85
1.755,18.27876136183,-3.18283584064379,2,0.85
1.756,18.2755796558264,-3.18280720685112,2,0.85
1.757,18.2723979784426,-3.18277857598353,2,0.85
1.758,18.2692163296754,-3.18274994800316,2,0.85
1.759,18.2660347095222,-3.18272132287275,2,0.85
1.76,18.2628531179802,-3.18269270055596,2,0.85
1.761,18.2596715550465,-3.18266408101698,2,0.85
1.762,18.2564900207184,-3.18263546422081,2,0.85
1.763,18.2533085149934,-3.18260685013305,2,0.85
1.764,18.2501270378686,-3.1825782387201,2,0.85
1.765,18.2469455893415,-3.18254962994892,2,0.85
1.766,18.2437641694095,-3.18252102378721,2,0.85
1.767,18.24058277807,-3.18249242020341,2,0.85
1.768,18.2374014153206,-3.1824638191665,2,0.85
1.769,18.2342200811586,-3.18243522064623,2,0.85
1.77,18.2310387755817,-3.18240662461296,2,0.85
1.771,18.2278574985873,-3.18237803103777,2,0.85
1.772,18.2246762501731,-3.18234943989232,2,0.85
1.773,18.2214950303367,-3.18232085114892,2,0.85
1.774,18.2183138390757,-3.18229226478068,2,0.85
1.775,18.2151326763877,-3.18226368076107,2,0.85
1.776,18.2119515422706,-3.18223509906458,2,0.85
1.777,18.208770436722,-3.182206519666,2,0.85
1.778,18.2055893597395,-3.18217794254085,2,0.85
1.779,18.2024083110811,-3.18214952775025,2,0.85
1.78,18.1992272912552,-3.1821208278361,2,0.85
1.781,18.1960462999101,-3.18209226753579,2,0.85
1.782,18.1928653371741,-3.18206366822938,2,0.85
1.783,18.1896844029861,-3.18203509660555,2,0.85
1.784,18.186503497364,-3.18200652225984,2,0.85
1.785,18.1833226202951,-3.18197795557121,2,0.85
1.786,18.18014177178,-3.1819493909078,2,0.85
1.787,18.1769609518146,-3.18192082974739,2,0.85
1.788,18.1737801603971,-3.1818922709212,2,0.85
1.789,18.170599397525,-3.18186371456738,2,0.85
1.79,18.1674186631961,-3.18183516040277,2,0.85
1.791,18.1642379574085,-3.18180660840235,2,0.85
1.792,18.16105728016,-3.18177805848209,2,0.85
1.793,18.1578766314486,-3.1817495106145,2,0.85
1.794,18.1546960112722,-3.18172096476776,2,0.85
1.795,18.151515419629,-3.18169242092459,2,0.85
1.796,18.1483348565169,-3.18166387907,2,0.85
1.797,18.1451543219339,-3.18163533919385,2,0.85
1.798,18.1419738158781,-3.18160680128802,2,0.85
1.799,18.1387933383475,-3.18157826534638,2,0.85
1.8,18.1356128893402,-3.18154973136363,2,0.85
1.801,18.1324324688541,-3.18152119933514,2,0.85
1.802,18.1292520768875,-3.18149266925642,2,0.85
1.803,18.1260717134383,-3.18146414112277,2,0.85
1.804,18.1228913785045,-3.18143561492925,2,0.85
1.805,18.1197110720843,-3.18140709067075,2,0.85
1.806,18.1165307941757,-3.18137856834177,2,0.85
1.807,18.1133505447768,-3.18135004793681,2,0.85
1.808,18.1101703238857,-3.18132152944996,2,0.85
1.809,18.1069901315005,-3.18129301287563,2,0.85
1.81,18.1038099676193,-3.1812644982079,2,0.85
1.811,18.1006298322401,-3.18123598544095,2,0.85
1.812,18.0974497253612,-3.18120747456911,2,0.85
1.813,18.0942696469805,-3.18117896558661,2,0.85
1.814,18.0910895970963,-3.18115045848791,2,0.85
1.815,18.0879095757066,-3.18112195326738,2,0.85
1.816,18.0847295828096,-3.1810934499196,2,0.85
1.817,18.0815496181636,-3.1810651083543,2,0.85
1.818,18.0783696822776,-3.18103648126701,2,0.85
1.819,18.075189774799,-3.1810079942071,2,0.85
1.82,18.0720098958575,-3.1809794672644,2,0.85
1.821,18.0688300453921,-3.18095096778859,2,0.85
1.822,18.065650223421,-3.18092246520658,2,0.85
1.823,18.0624704299317,-3.18089397000698,2,0.85
1.824,18.0592906649252,-3.18086547658251,2,0.85
1.825,18.0561109283975,-3.18083698642157,2,0.85
1.826,18.0529312203471,-3.18080849838287,2,0.85
1.827,18.0497515407716,-3.18078001260307,2,0.85
1.828,18.0465718896692,-3.18075152881455,2,0.85
1.829,18.0433922670378,-3.18072304699695,2,0.85
1.83,18.0402126728757,-3.1806945670812,2,0.85
1.831,18.037033107181,-3.18066608905299,2,0.85
1.832,18.0338535699518,-3.18063761289826,2,0.85
1.833,18.0306740611861,-3.18060913861708,2,0.85
1.834,18.0274945808823,-3.1805806662124,2,0.85
1.835,18.0243151290382,-3.18055219569087,2,0.85
1.836,18.0211357056522,-3.18052372706023,2,0.85
1.837,18.0179563107222,-3.18049526032899,2,0.85
1.838,18.0147769442463,-3.18046679550582,2,0.85
1.839,18.0115976062227,-3.18043833259944,2,0.85
1.84,18.0084182966494,-3.18040987161866,2,0.85
1.841,18.0052390155245,-3.18038141257232,2,0.85
1.842,18.0020597628459,-3.18035295546941,2,0.85
1.843,17.9988805386118,-3.18032450031865,2,0.85
1.844,17.9957013428202,-3.18029604712897,2,0.85
1.845,17.9925221754692,-3.18026759590901,2,0.85
1.846,17.9893430365566,-3.18023914666737,2,0.85
1.847,17.9861639260807,-3.18021069941224,2,0.85
1.848,17.9829848437976,-3.18018241527533,2,0.85
1.849,17.979805790221,-3.18015384304751,2,0.85
1.85,17.9766267649933,-3.18012541326619,2,0.85
1.851,17.9734477682474,-3.18009694236101,2,0.85
1.852,17.9702687999196,-3.18006850015587,2,0.85
1.853,17.9670898600294,-3.18004005450138,2,0.85
1.854,17.9639109485634,-3.18001161672176,2,0.85
1.855,17.9607320655228,-3.17998318074983,2,0.85
1.856,17.957553210903,-3.17995474832005,2,0.85
1.857,17.9543743847026,-3.1799263181834,2,0.85
1.858,17.9511955869189,-3.17989789055868,2,0.85
1.859,17.9480168175497,-3.17986946516562,2,0.85
1.86,17.9448380765928,-3.17984104201757,2,0.85
1.861,17.9416593640461,-3.179812621051,2,0.85
1.862,17.9384806799074,-3.17978420226628,2,0.85
1.863,17.9353020241745,-3.17975578565516,2,0.85
1.864,17.9321233968452,-3.17972737122526,2,0.85
1.865,17.9289447979174,-3.17969895898529,2,0.85
1.866,17.9257662273888,-3.1796705489489,2,0.85
1.867,17.9225876852573,-3.17964214113125,2,0.85
1.868,17.9194091715205,-3.17961373554922,2,0.85
1.869,17.9162306861762,-3.17958533222042,2,0.85
1.87,17.9130522292221,-3.17955693116271,2,0.85
1.871,17.9098738006559,-3.17952853239387,2,0.85
1.872,17.9066954004754,-3.17950013593161,2,0.85
1.873,17.9035170286781,-3.17947174179287,2,0.85
1.874,17.9003386852618,-3.17944334999431,2,0.85
1.875,17.8971603702241,-3.17941496055227,2,0.85
1.876,17.8939820835625,-3.1793865734824,2,0.85
1.877,17.8908038252747,-3.17935818880044,2,0.85
1.878,17.8876255953583,-3.17932980652164,2,0.85
1.879,17.8844473938109,-3.17930142666122,2,0.85
1.88,17.88126922063,-3.17927304923415,2,0.85
1.881,17.8780910758132,-3.17924467425518,2,0.85
1.882,17.8749129593579,-3.17921630173923,2,0.85
1.883,17.8717348712618,-3.17918793170057,2,0.85
1.884,17.8685568115223,-3.17915956415411,2,0.85
1.885,17.8653787801369,-3.17913119911399,2,0.85
1.886,17.862200777103,-3.1791028365947,2,0.85
1.887,17.8590228024182,-3.17907447661052,2,0.85
1.888,17.8558448560799,-3.17904611917593,2,0.85
1.889,17.8526669380855,-3.17901776430531,2,0.85
1.89,17.8494890484324,-3.17898941201311,2,0.85
1.891,17.846311187118,-3.17896106231406,2,0.85
1.892,17.8431333541397,-3.17893271522273,2,0.85
1.893,17.8399555494949,-3.17890437075396,2,0.85
1.894,17.836777773181,-3.17887602892289,2,0.85
1.895,17.8336000251952,-3.17884768974446,2,0.85
1.896,17.8304223055349,-3.17881935323407,2,0.85
1.897,17.8272446141974,-3.1787910194071,2,0.85
1.898,17.8240669511801,-3.17876268827925,2,0.85
1.899,17.8208893164801,-3.17873435986633,2,0.85
1.9,17.8177117100947,-3.17870603418432,2,0.85
1.901,17.8145341320213,-3.17867771124964,2,0.85
1.902,17.8113565822569,-3.17864939107847,2,0.85
1.903,17.8081790607989,-3.17862107368775,2,0.85
1.904,17.8050015676444,-3.17859275909408,2,0.85
1.905,17.8018241027907,-3.17856444731478,2,0.85
1.906,17.7986466662348,-3.17853613836693,2,0.85
1.907,17.7954692579739,-3.17850783226822,2,0.85
1.908,17.7922918777664,-3.1784796882597,2,0.85
1.909,17.7891145261197,-3.17845125981859,2,0.85
1.91,17.7859372026769,-3.17842297470069,2,0.85
1.911,17.7827599075709,-3.17839464867797,2,0.85
1.912,17.7795826407366,-3.17836635244144,2,0.85
1.913,17.776405402193,-3.17833805343344,2,0.85
1.914,17.7732281919255,-3.17830976327471,2,0.85
1.915,17.7700510099345,-3.17828147582299,2,0.85
1.916,17.7668738562144,-3.1782531928807,2,0.85
1.917,17.7636967307628,-3.17822491319826,2,0.85
1.918,17.7605196335759,-3.17819663700537,2,0.85
1.919,17.7573425646508,-3.17816836402878,2,0.85
1.92,17.7541655239841,-3.17814009428664,2,0.85
1.921,17.7509885115728,-3.178111827726,2,0.85
1.922,17.7478115271758,-3.17808372291627,2,0.85
1.923,17.7446345712987,-3.17805533486246,2,0.85
1.924,17.7414576435845,-3.17802709056522,2,0.85
1.925,17.7382807441665,-3.17799880518167,2,0.85
1.926,17.7351038729783,-3.17797055042404,2,0.85
1.927,17.7319270300394,-3.17794229288993,2,0.85
1.928,17.7287502153343,-3.17791404471822,2,0.85
1.929,17.7255734288634,-3.17788579945837,2,0.85
1.93,17.7223966706208,-3.17785755909561,2,0.85
1.931,17.7192199406035,-3.17782932229794,2,0.85
1.932,17.7160432388076,-3.17780108936252,2,0.85
1.933,17.7128665652296,-3.17777286000368,2,0.85
1.934,17.7096899198659,-3.17774463426625,2,0.85
1.935,17.706513302713,-3.17771641209808,2,0.85
1.936,17.7033367137672,-3.17768819351777,2,0.85
1.937,17.700160153025,-3.17765997853042,2,0.85
1.938,17.6969836204827,-3.17763176715741,2,0.85
1.939,17.6938071161367,-3.17760355941961,2,0.85
1.94,17.6906306399833,-3.17757535534196,2,0.85
1.941,17.6874541920188,-3.17754715495008,2,0.85
1.942,17.6842777722395,-3.17751895827065,2,0.85
1.943,17.6811013806417,-3.17749076533001,2,0.85
1.944,17.6779250172215,-3.1774625761545,2,0.85
1.945,17.6747486819752,-3.17743439076957,2,0.85
1.946,17.671572374899,-3.17740620919982,2,0.85
1.947,17.6683960959889,-3.17737803146906,2,0.85
1.948,17.6652198452411,-3.17734985759977,2,0.85
1.949,17.6620436226518,-3.17732168761387,2,0.85
1.95,17.658867428217,-3.17729352153222,2,0.85
1.951,17.6556912619327,-3.17726535937503,2,0.85
1.952,17.6525151237951,-3.1772372011618,2,0.85
1.953,17.6493390138002,-3.17720904691144,2,0.85
1.954,17.6461629319439,-3.17718089664231,2,0.85
1.955,17.6429868782223,-3.17715275037212,2,0.85
1.956,17.6398108526313,-3.17712460811846,2,0.85
1.957,17.6366348551669,-3.17709646989799,2,0.85
1.958,17.633458885825,-3.17706833572736,2,0.85
1.959,17.6302829446016,-3.17704020562271,2,0.85
1.96,17.6271070314926,-3.17701207959969,2,0.85
1.961,17.6239311464939,-3.17698395767388,2,0.85
1.962,17.6207552896013,-3.17695583986058,2,0.85
1.963,17.6175794608107,-3.17692772617475,2,0.85
1.964,17.614403660118,-3.17689961663135,2,0.85
1.965,17.611227887519,-3.17687151124511,2,0.85
1.966,17.6080521430096,-3.1768434100307,2,0.85
1.967,17.6048764265855,-3.17681531300267,2,0.85
1.968,17.6017007382425,-3.17678722017557,2,0.85
1.969,17.5985250779765,-3.17675913156381,2,0.85
1.97,17.5953494457831,-3.17673104718199,2,0.85
1.971,17.5921738416581,-3.17670296704446,2,0.85
1.972,17.5889982655973,-3.17667489116564,2,0.85
1.973,17.5858227175964,-3.17664681956016,2,0.85
1.974,17.5826471976511,-3.17661875224244,2,0.85
1.975,17.5794717057571,-3.17659068922706,2,0.85
1.976,17.57629624191,-3.17656263052863,2,0.85
1.977,17.5731208061056,-3.17653457616179,2,0.85
1.978,17.5699453983394,-3.17650652614127,2,0.85
1.979,17.5667700186071,-3.17647848048193,2,0.85
1.98,17.5635946669043,-3.17645043919845,2,0.85
1.981,17.5604193432267,-3.17642240230588,2,0.85
1.982,17.5572440475698,-3.17639436981909,2,0.85
1.983,17.5540687799291,-3.17636634175311,2,0.85
1.984,17.5508935403003,-3.17633831812304,2,0.85
1.985,17.5477183286789,-3.17631029894394,2,0.85
1.986,17.5445431450604,-3.17628228423097,2,0.85
1.987,17.5413679894403,-3.17625427399944,2,0.85
1.988,17.5381928618142,-3.1762262682644,2,0.85
1.989,17.5350177621774,-3.17619826704126,2,0.85
1.99,17.5318426905256,-3.17617027034522,2,0.85
1.991,17.528667646854,-3.17614227819157,2,0.85
1.992,17.5254926311583,-3.17611429059572,2,0.85
1.993,17.5223176434337,-3.17608630757277,2,0.85
1.994,17.5191426836756,-3.17605832913823,2,0.85
1.995,17.5159677518796,-3.17603035530721,2,0.85
1.996,17.5127928480409,-3.17600238609506,2,0.85
1.997,17.5096179721549,-3.17597442151695,2,0.85
1.998,17.506443124217,-3.17594646158816,2,0.85
1.999,17.5032683042225,-3.17591850632374,2,0.85
2,17.5000935121667,-3.1758905557389,2,0.85
2.001,17.4969187480448,-3.17586260984857,2,0.85
2.002,17.4937440118523,-3.1758346686678,2,0.85
2.003,17.4905693035843,-3.17580673221147,2,0.85
2.004,17.4873946232361,-3.17577880049443,2,0.85
2.005,17.484219970803,-3.17575087353154,2,0.85
2.006,17.4810453462802,-3.17572295133729,2,0.85
2.007,17.4778707496628,-3.17569503392633,2,0.85
2.008,17.4746961809461,-3.17566712131326,2,0.85
2.009,17.4715216401253,-3.17563921351225,2,0.85
2.01,17.4683471271955,-3.17561131053771,2,0.85
2.011,17.4651726421519,-3.17558341240379,2,0.85
2.012,17.4619981849896,-3.17555551912443,2,0.85
2.013,17.4588237557038,-3.17552763071369,2,0.85
2.014,17.4556493542896,-3.17549974718539,2,0.85
2.015,17.4524749805032,-3.17547202783117,2,0.85
2.016,17.4493006348526,-3.17544402438288,2,0.85
2.017,17.4461263169723,-3.17541617010743,2,0.85
2.018,17.4429520267595,-3.1753884340413,2,0.85
2.019,17.4397777646583,-3.17536044115914,2,0.85
2.02,17.4366035303262,-3.17533259122894,2,0.85
2.021,17.4334293238878,-3.17530470569291,2,0.85
2.022,17.4302551452759,-3.1752768532497,2,0.85
2.023,17.4270809945072,-3.17524900058473,2,0.85
2.024,17.4239068715643,-3.17522115943572,2,0.85
2.025,17.4207327764459,-3.17519332316223,2,0.85
2.026,17.417558709144,-3.17516549364634,2,0.85
2.027,17.4143846696542,-3.17513766946614,2,0.85
2.028,17.4112106579706,-3.17510985086615,2,0.85
2.029,17.4080366740883,-3.17508203751996,2,0.85
2.03,17.404862718002,-3.17505422944319,2,0.85
2.031,17.4016887897064,-3.17502642656551,2,0.85
2.032,17.3985148891964,-3.17499862889292,2,0.85
2.033,17.3953410164668,-3.17497083642378,2,0.85
2.034,17.3921671715123,-3.1749430491753,2,0.85
2.035,17.3889933543278,-3.17491526716574,2,0.85
2.036,17.3858195649079,-3.17488749041727,2,0.85
2.037,17.3826458032473,-3.17485971895226,2,0.85
2.038,17.3794720693407,-3.17483195279281,2,0.85
2.039,17.3762983631828,-3.17480419196005,2,0.85
2.04,17.3731246847683,-3.17477643647396,2,0.85
2.041,17.3699510340917,-3.17474868635331,2,0.85
2.042,17.3667774111477,-3.17472094161586,2,0.85
2.043,17.3636038159309,-3.17469320227799,2,0.85
2.044,17.3604302484358,-3.1746654683552,2,0.85
2.045,17.357256708657,-3.17463773986174,2,0.85
2.046,17.3540831965891,-3.17461001681094,2,0.85
2.047,17.3509097122266,-3.17458229921472,2,0.85
2.048,17.347736255564,-3.17455458708417,2,0.85
2.049,17.3445628265959,-3.17452688042916,2,0.85
2.05,17.3413894253167,-3.17449917925856,2,0.85
2.051,17.3382160517211,-3.17447148358011,2,0.85
2.052,17.3350427058034,-3.17444379340096,2,0.85
2.053,17.3318693875581,-3.17441610872711,2,0.85
2.054,17.3286960969799,-3.17438842956407,2,0.85
2.055,17.325522834063,-3.17436075591645,2,0.85
2.056,17.3223495988021,-3.17433308778858,2,0.85
2.057,17.3191763911916,-3.17430542518386,2,0.85
2.058,17.316003211226,-3.17427776810535,2,0.85
2.059,17.3128300588997,-3.17425011655582,2,0.85
2.06,17.3096569342072,-3.17422247053741,2,0.85
2.061,17.306483837143,-3.174194830052,2,0.85
2.062,17.3033107677015,-3.17416719510102,2,0.85
2.063,17.3001377258773,-3.17413956568575,2,0.85
2.064,17.2969647116647,-3.17411194180718,2,0.85
2.065,17.2937917250583,-3.17408432346614,2,0.85
2.066,17.2906187660525,-3.17405671066325,2,0.85
2.067,17.2874458346417,-3.17402910339894,2,0.85
2.068,17.2842729308205,-3.17400150167365,2,0.85
2.069,17.2811000545832,-3.17397390548761,2,0.85
2.07,17.2779272059245,-3.17394631484112,2,0.85
2.071,17.2747543848386,-3.17391872973433,2,0.85
2.072,17.2715815913201,-3.17389115016729,2,0.85
2.073,17.2684088253635,-3.17386357614036,2,0.85
2.074,17.2652360869632,-3.17383600765342,2,0.85
2.075,17.2620633761136,-3.17380844470675,2,0.85
2.076,17.2588906928093,-3.17378088730049,2,0.85
2.077,17.2557180370446,-3.17375333543478,2,0.85
2.078,17.2525454088141,-3.1737257891099,2,0.85
2.079,17.2493728081122,-3.173698248326,2,0.85
2.08,17.2462002349334,-3.17367071308353,2,0.85
2.081,17.2430276892721,-3.17364318338267,2,0.85
2.082,17.2398551711228,-3.17361565922388,2,0.85
2.083,17.23668268048,-3.17358814060757,2,0.85
2.084,17.233510217338,-3.17356062753422,2,0.85
2.085,17.2303377816915,-3.17353312000425,2,0.85
2.086,17.2271653735347,-3.17350561801822,2,0.85
2.087,17.2239929928622,-3.17347812157678,2,0.85
2.088,17.2208206396685,-3.17345063068039,2,0.85
2.089,17.2176483139479,-3.17342314532972,2,0.85
2.09,17.214476015695,-3.17339566552541,2,0.85
2.091,17.2113037449043,-3.17336819126805,2,0.85
2.092,17.20813150157,-3.1733407225584,2,0.85
2.093,17.2049592856868,-3.173313259397,2,0.85
2.094,17.201787097249,-3.1732858017846,2,0.85
2.095,17.1986149362512,-3.17325834972174,2,0.85
2.096,17.1954428026877,-3.1732309032091,2,0.85
2.097,17.192270696553,-3.17320346224729,2,0.85
2.098,17.1890986178416,-3.17317602683692,2,0.85
2.099,17.1859265665479,-3.17314859697843,2,0.85
2.1,17.1827545426664,-3.17312117267246,2,0.85
2.101,17.1795825461915,-3.17309375391945,2,0.85
2.102,17.1764105771176,-3.17306634071979,2,0.85
2.103,17.1732386354393,-3.17303893307388,2,0.85
2.104,17.1700667211509,-3.17301153098205,2,0.85
2.105,17.166894834247,-3.17298413444459,2,0.85
2.106,17.1637229747219,-3.17295674346167,2,0.85
2.107,17.16055114257,-3.17292935803336,2,0.85
2.108,17.157379337786,-3.17290197815983,2,0.85
2.109,17.1542075603641,-3.17287460384104,2,0.85
2.11,17.1510358102989,-3.17284723507683,2,0.85
2.111,17.1478640875847,-3.17281987186716,2,0.85
2.112,17.1446923922161,-3.17279251421165,2,0.85
2.113,17.1415207241875,-3.17276516211013,2,0.85
2.114,17.1383490832546,-3.1727379747811,2,0.85
2.115,17.1351774699266,-3.17271050270438,2,0.85
2.116,17.1320058838317,-3.17268318381387,2,0.85
2.117,17.1288343251128,-3.17265582060231,2,0.85
2.118,17.1256627936933,-3.17262849369998,2,0.85
2.119,17.1224912895953,-3.17260116421972,2,0.85
2.12,17.1193198127985,-3.17257384732573,2,0.85
2.121,17.1161483633026,-3.17254653492883,2,0.85
2.122,17.1129769410988,-3.17251922984378,2,0.85
2.123,17.1098055461824,-3.17249193029481,2,0.85
2.124,17.1066341785472,-3.17246463677619,2,0.85
2.125,17.1034628381878,-3.17243734887555,2,0.85
2.126,17.1002915250984,-3.17241006666849,2,0.85
2.127,17.0971202392735,-3.17238279005382,2,0.85
2.128,17.0939489807075,-3.17235551903934,2,0.85
2.129,17.0907777493949,-3.17232825359982,2,0.85
2.13,17.0876065453301,-3.17230099373585,2,0.85
2.131,17.0844353685074,-3.17227373944291,2,0.85
2.132,17.0812642189214,-3.17224649072324,2,0.85
2.133,17.0780930965664,-3.17221924757866,2,0.85
2.134,17.0749220014369,-3.17219201001302,2,0.85
2.135,17.0717509332872,-3.1721649381288,2,0.85
2.136,17.0685798926298,-3.17213757976137,2,0.85
2.137,17.0654088790896,-3.17211037591874,2,0.85
2.138,17.0622378928113,-3.17208312721998,2,0.85
2.139,17.0590669337177,-3.17205591501559,2,0.85
2.14,17.0558960018308,-3.17202870024497,2,0.85
2.141,17.0527250971304,-3.17200149810985,2,0.85
2.142,17.049554219616,-3.17197430056222,2,0.85
2.143,17.0463833692789,-3.17194711037612,2,0.85
2.144,17.0432125461142,-3.17191992580508,2,0.85
2.145,17.0400417501157,-3.17189274731031,2,0.85
2.146,17.0368709812779,-3.1718655744872,2,0.85
2.147,17.033700239595,-3.17183840739414,2,0.85
2.148,17.0305295250615,-3.17181124593197,2,0.85
2.149,17.0273588376718,-3.17178409010287,2,0.85
2.15,17.0241881774202,-3.17175693988348,2,0.85
2.151,17.0210175443011,-3.17172979527342,2,0.85
2.152,17.017846938309,-3.17170265626883,2,0.85
2.153,17.0146763594382,-3.17167552287045,2,0.85
2.154,17.0115058076831,-3.17164839507815,2,0.85
2.155,17.0083352830382,-3.17162127289245,2,0.85
2.156,17.0051647854978,-3.17159415631289,2,0.85
2.157,17.0019943150563,-3.17156704533889,2,0.85
2.158,16.9988238717081,-3.17153993996923,2,0.85
2.159,16.9956534554476,-3.17151284020219,2,0.85
2.16,16.9924830662692,-3.17148574603581,2,0.85
2.161,16.9893127041673,-3.17145865746728,2,0.85
2.162,16.9861423691364,-3.1714315744937,2,0.85
2.163,16.9829720611708,-3.1714044971112,2,0.85
2.164,16.979801780265,-3.1713774253156,2,0.85
2.165,16.9766315264133,-3.17135035910214,2,0.85
2.166,16.9734612996103,-3.17132329846511,2,0.85
2.167,16.9702910998503,-3.17129624339908,2,0.85
2.168,16.9671209271278,-3.17126919389734,2,0.85
2.169,16.9639507814372,-3.17124214995332,2,0.85
2.17,16.960780662773,-3.17121511155977,2,0.85
2.171,16.9576105711297,-3.17118807870934,2,0.85
2.172,16.9544405065017,-3.17116105139431,2,0.85
2.173,16.9512704688834,-3.17113402960683,2,0.85
2.174,16.9481004582695,-3.17110701333872,2,0.85
2.175,16.9449304746543,-3.17108000258175,2,0.85
2.176,16.9417605180324,-3.17105299732743,2,0.85
2.177,16.9385905883983,-3.1710259975672,2,0.85
2.178,16.9354206857466,-3.17099900329236,2,0.85
2.179,16.9322508100716,-3.17097201449422,2,0.85
2.18,16.9290809613681,-3.17094503116383,2,0.85
2.181,16.9259111396305,-3.17091805329244,2,0.85
2.182,16.9227413448533,-3.17089108087113,2,0.85
2.183,16.9195715770312,-3.17086411389111,2,0.85
2.184,16.9164018361588,-3.1708371523434,2,0.85
2.185,16.9132321222305,-3.17081019621934,2,0.85
2.186,16.9100624352411,-3.17078324551005,2,0.85
2.187,16.906892775185,-3.17075630020693,2,0.85
2.188,16.903723142057,-3.17072936030125,2,0.85
2.189,16.9005535358516,-3.17070242578451,2,0.85
2.19,16.8973839565634,-3.17067549664812,2,0.85
2.191,16.8942144041871,-3.17064857288373,2,0.85
2.192,16.8910448787174,-3.17062165448308,2,0.85
2.193,16.8878753801488,-3.17059474143786,2,0.85
2.194,16.8847059084761,-3.17056783374003,2,0.85
2.195,16.8815364636938,-3.17054093138145,2,0.85
2.196,16.8783670457968,-3.17051403435433,2,0.85
2.197,16.8751976547796,-3.17048714265071,2,0.85
2.198,16.8720282906369,-3.17046025626294,2,0.85
2.199,16.8688589533635,-3.17043337518336,2,0.85
2.2,16.8656896429541,-3.1704064994045,2,0.85
2.201,16.8625203594033,-3.17037962891886,2,0.85
2.202,16.8593511027059,-3.17035276371915,2,0.85
2.203,16.8561818728566,-3.17032590379816,2,0.85
2.204,16.8530126698501,-3.17029904914858,2,0.85
2.205,16.8498434936813,-3.17027219976348,2,0.85
2.206,16.8466743443447,-3.17024535563581,2,0.85
2.207,16.8435052218353,-3.17021851675874,2,0.85
2.208,16.8403361261477,-3.1701916831253,2,0.85
2.209,16.8371670572767,-3.17016485472891,2,0.85
2.21,16.8339980152171,-3.17013803156274,2,0.85
2.211,16.8308289999637,-3.17011121362023,2,0.85
2.212,16.8276600115113,-3.17008440089479,2,0.85
2.213,16.8244910498546,-3.17005759337995,2,0.85
2.214,16.8213221149885,-3.17003079106926,2,0.85
2.215,16.8181532069077,-3.17000399395638,2,0.85
2.216,16.8149843256071,-3.16997720203488,2,0.85
2.217,16.8118154710815,-3.16995041529853,2,0.85
2.218,16.8086466433257,-3.16992363374108,2,0.85
2.219,16.8054778423346,-3.16989685735628,2,0.85
2.22,16.802309068103,-3.16987008613808,2,0.85
2.221,16.7991403206257,-3.1698433200802,2,0.85
2.222,16.7959715996584,-3.16981671869001,2,0.85
2.223,16.7928029057142,-3.169789830001,2,0.85
2.224,16.7896342384141,-3.16976309833413,2,0.85
2.225,16.7864655979088,-3.16973631845441,2,0.85
2.226,16.7832969841171,-3.16970957666687,2,0.85
2.227,16.7801283970647,-3.16968283049508,2,0.85
2.228,16.77695983673,-3.16965609717854,2,0.85
2.229,16.7737913031141,-3.16962936748577,2,0.85
2.23,16.7706227962081,-3.16960264485124,2,0.85
2.231,16.7674543160082,-3.16957592717745,2,0.85
2.232,16.7642858625085,-3.16954921512775,2,0.85
2.233,16.7611174357039,-3.16952250820266,2,0.85
2.234,16.7579490355894,-3.16949580652001,2,0.85
2.235,16.7547806621597,-3.16946910995371,2,0.85
2.236,16.7516123154098,-3.16944241851976,2,0.85
2.237,16.7484439953345,-3.16941573218389,2,0.85
2.238,16.7452757019288,-3.16938905094595,2,0.85
2.239,16.7421074351876,-3.16936237479638,2,0.85
2.24,16.7389391951059,-3.16933570373438,2,0.85
2.241,16.7357709816784,-3.16930903775795,2,0.85
2.242,16.7326027949002,-3.16928237686737,2,0.85
2.243,16.7294346347662,-3.16925572106284,2,0.85
2.244,16.7262665012713,-3.16922907034466,2,0.85
2.245,16.7230983944103,-3.16920242471285,2,0.85
2.246,16.7199303141782,-3.16917578416693,2,0.85
2.247,16.71676226057,-3.16914914870593,2,0.85
2.248,16.7135942335887,-3.16912251283564,2,0.85
2.249,16.7104262332397,-3.1690958733376,2,0.85
2.25,16.7072582595226,-3.16906923276205,2,0.85
2.251,16.7040903124363,-3.16904259273527,2,0.85
2.252,16.700922391978,-3.16901595458759,2,0.85
2.253,16.6977544981443,-3.16898931944772,2,0.85
2.254,16.6945866309307,-3.16896268821605,2,0.85
2.255,16.6914187903324,-3.1689360616124,2,0.85
2.256,16.6882509763438,-3.1689094401958,2,0.85
2.257,16.6850831889591,-3.16888282439067,2,0.85
2.258,16.6819154281722,-3.16885621450847,2,0.85
2.259,16.678747693977,-3.16882961076699,2,0.85
2.26,16.6755799863669,-3.16880301330764,2,0.85
2.261,16.6724123053357,-3.1687764222097,2,0.85
2.262,16.669244650877,-3.16874983750312,2,0.85
2.263,16.6660770229843,-3.16872325917917,2,0.85
2.264,16.6629094216513,-3.16869668719903,2,0.85
2.265,16.6597418466334,-3.16867028048515,2,0.85
2.266,16.6565742984418,-3.1686435879797,2,0.85
2.267,16.6534067766954,-3.16861705425189,2,0.85
2.268,16.6502392815457,-3.16859047253924,2,0.85
2.269,16.6470718129097,-3.16856393013264,2,0.85
2.27,16.6439043708128,-3.16853738383683,2,0.85
2.271,16.6407369552328,-3.16851085116556,2,0.85
2.272,16.6375695661701,-3.16848432262854,2,0.85
2.273,16.6344022036157,-3.16845780163829,2,0.85
2.274,16.6312348675651,-3.16843128597618,2,0.85
2.275,16.6280675580124,-3.16840477621742,2,0.85
2.276,16.6249002749523,-3.16837827177505,2,0.85
2.277,16.6217330183797,-3.16835177268189,2,0.85
2.278,16.6185657882893,-3.16832527874185,2,0.85
2.279,16.6153985846762,-3.16829878990353,2,0.85
2.28,16.6122314075354,-3.16827230607726,2,0.85
2.281,16.6090642568619,-3.16824582721088,2,0.85
2.282,16.6058971326508,-3.16821935324991,2,0.85
2.283,16.6027300348975,-3.16819288415183,2,0.85
2.284,16.5995629635969,-3.1681664198765,2,0.85
2.285,16.5963959187444,-3.16813996038873,2,0.85
2.286,16.5932289003352,-3.16811350565608,2,0.85
2.287,16.5900619083646,-3.16808705564838,2,0.85
2.288,16.586894942828,-3.16806061033765,2,0.85
2.289,16.5837280037206,-3.16803416969774,2,0.85
2.29,16.5805610910379,-3.1680077337039,2,0.85
2.291,16.5773942047752,-3.16798130233285,2,0.85
2.292,16.574227344928,-3.16795487556253,2,0.85
2.293,16.5710605114916,-3.16792845337173,2,0.85
2.294,16.5678937044616,-3.16790203574037,2,0.85
2.295,16.5647269238334,-3.16787562264908,2,0.85
2.296,16.5615601696025,-3.16784921407929,2,0.85
2.297,16.5583934417643,-3.16782281001326,2,0.85
2.298,16.5552267403145,-3.16779641043394,2,0.85
2.299,16.5520600652486,-3.16777001532503,2,0.85
2.3,16.548893416562,-3.16774362467121,2,0.85
2.301,16.5457267942505,-3.16771723845773,1.99,0.85
2.302,16.5425600219073,-3.16780849815118,1.98,0.85
2.303,16.5394104299273,-3.15638142999194,1.97,0.85
2.304,16.536270303777,-3.14625969849877,1.96,0.85
2.305,16.5331445493621,-3.13330135818509,1.95,0.85
2.306,16.5300321001667,-3.12010873509976,1.94,0.85
2.307,16.5269341238381,-3.10605932025946,1.93,0.85
2.308,16.5238505554658,-3.09176759668615,1.92,0.85
2.309,16.5207817278,-3.07717319422972,1.91,0.85
2.31,16.5177276906978,-3.06244464946986,1.9,0.85
2.311,16.5146885569222,-3.04759618961456,1.89,0.85
2.312,16.5116657800913,-3.03173834830585,1.88,0.85
2.313,16.5086583403621,-3.01622417401062,1.87,0.85
2.314,16.5056661905753,-3.00085600579065,1.86,0.85
2.315,16.5026892224337,-2.98560872901499,1.85,0.85
2.316,16.4997274096515,-2.97041927925689,1.84,0.85
2.317,16.4967807173966,-2.95527233458525,1.83,0.85
2.318,16.4938491344289,-2.94014705417796,1.82,0.85
2.319,16.490932649372,-2.92503658217257,1.81,0.85
2.32,16.4880312577846,-2.90993400811913,1.8,0.85
2.321,16.4851449568483,-2.89483594638752,1.79,0.85
2.322,16.4822737448632,-2.87974052238113,1.78,0.85
2.323,16.4794176219783,-2.86464587842189,1.77,0.85
2.324,16.4765765880049,-2.84955162020237,1.76,0.85
2.325,16.4737506434863,-2.83445712832922,1.75,0.85
2.326,16.4709397897966,-2.81936164230091,1.74,0.85
2.327,16.4681440274844,-2.80426545896525,1.73,0.85
2.328,16.4653633586014,-2.78916767506734,1.72,0.85
2.329,16.4625977842042,-2.77406865290565,1.71,0.85
2.33,16.4598473059426,-2.75896811789577,1.7,0.85
2.331,16.4571119261386,-2.74386553007761,1.69,0.85
2.332,16.4543916461846,-2.72876132943999,1.68,0.85
2.333,16.4516864825598,-2.71364560131066,1.67,0.85
2.334,16.4489964232173,-2.69853406474143,1.66,0.85
2.335,16.4463214750728,-2.68341931336586,1.65,0.85
2.336,16.4436616382756,-2.66830339076845,1.64,0.85
2.337,16.4410169157859,-2.65318510377435,1.63,0.85
2.338,16.4383873216572,-2.63805665632868,1.62,0.85
2.339,16.4357728561423,-2.62292465361886,1.61,0.85
2.34,16.4331735154866,-2.60779396957958,1.6,0.85
2.341,16.4305893047482,-2.59266035209936,1.59,0.85
2.342,16.4280202249778,-2.57752505594006,1.58,0.85
2.343,16.4254662803469,-2.56238641830728,1.57,0.85
2.344,16.4229274734613,-2.54724492914572,1.56,0.85
2.345,16.4204038078461,-2.53210013852306,1.55,0.85
2.346,16.4178952874174,-2.5169516357462,1.54,0.85
2.347,16.4154019155689,-2.50179963245189,1.53,0.85
2.348,16.4129236959974,-2.48664399681817,1.52,0.85
2.349,16.4104606329824,-2.47148429647756,1.51,0.85
2.35,16.4080127301231,-2.45632084085822,1.5,0.85
2.351,16.4055799913489,-2.44115351309057,1.49,0.85
2.352,16.4031624211197,-2.42598192021399,1.48,0.85
2.353,16.4007600232068,-2.41080639054551,1.47,0.85
2.354,16.3983728018998,-2.39562668788579,1.46,0.85
2.355,16.3960007613202,-2.38044284560064,1.45,0.85
2.356,16.393643905525,-2.36525491773923,1.44,0.85
2.357,16.3913022392084,-2.35006249763236,1.43,0.85
2.358,16.3889757661425,-2.33486606429824,1.42,0.85
2.359,16.3866644911895,-2.31966505069683,1.41,0.85
2.36,16.3843684183243,-2.30445985943658,1.4,0.85
2.361,16.3820875520693,-2.28925025964803,1.39,0.85
2.362,16.3798218967248,-2.27403632245111,1.38,0.85
2.363,16.3775714567083,-2.25881799330609,1.37,0.85
2.364,16.3753362363999,-2.24359527923215,1.36,0.85
2.365,16.3731162402041,-2.22836816601416,1.35,0.85
2.366,16.3709114725182,-2.21313665384915,1.34,0.85
2.367,16.3687219377414,-2.19790074157116,1.33,0.85
2.368,16.3665476402661,-2.18266043320268,1.32,0.85
2.369,16.3643885844775,-2.16741573498577,1.31,0.85
2.37,16.3622447747496,-2.15216665648805,1.3,0.85
2.371,16.3601162154425,-2.13691321002542,1.29,0.85
2.372,16.3580029108999,-2.12165541079152,1.28,0.85
2.373,16.3559048654462,-2.10639327671381,1.27,0.85
2.374,16.3538220833836,-2.09112682842144,1.26,0.85
2.375,16.35175456899,-2.07585608917688,1.25,0.85
2.376,16.349702326516,-2.06058108482231,1.24,0.85
2.377,16.3476653601827,-2.0453018437235,1.23,0.85
2.378,16.345643674179,-2.0300183967155,1.22,0.85
2.379,16.3436372726595,-2.01473077704806,1.21,0.85
2.38,16.341646159742,-1.999439020332,1.2,0.85
2.381,16.3396703395052,-1.98414316448519,1.19,0.85
2.382,16.3377098159865,-1.96884324967827,1.18,0.85
2.383,16.3357645931798,-1.95353931828066,1.17,0.85
2.384,16.333836062882,-1.9373058664969,1.16,0.85
2.385,16.3319244683353,-1.92060035768676,1.15,0.85
2.386,16.3300279488932,-1.90497835118571,1.14,0.85
2.387,16.3281473103425,-1.88918013743636,1.13,0.85
2.388,16.3262819075002,-1.87375345678038,1.12,0.85
2.389,16.3244320320952,-1.85825606807786,1.11,0.85
2.39,16.3225974566651,-1.84288680345177,1.1,0.85
2.391,16.3207782899668,-1.82748771734818,1.09,0.85
2.392,16.3189744518306,-1.81213215553844,1.08,0.85
2.393,16.3171859841078,-1.79676319135446,1.07,0.85
2.394,16.3154128597374,-1.78140780655057,1.06,0.85
2.395,16.3136550960089,-1.76604541781225,1.05,0.85
2.396,16.311912684956,-1.75068600717141,1.04,0.85
2.397,16.3101856346204,-1.73532222625078,1.03,0.85
2.398,16.3084739436637,-1.71995788106298,1.02,0.85
2.399,16.3067776169656,-1.70459009350321,1.01,0.85
2.4,16.3050966558108,-1.6892203017522,1,0.85
2.401,16.303431063459,-1.67384766804683,0.989999999999997,0.85
2.402,16.3017808418851,-1.65847276993887,0.979999999999998,0.85
2.403,16.3001459941397,-1.64309508260249,0.969999999999999,0.85
2.404,16.2985265221768,-1.62771516244058,0.96,0.85
2.405,16.2969224289071,-1.61233255676848,0.949999999999997,0.85
2.406,16.2953337162973,-1.59694774437129,0.939999999999998,0.85
2.407,16.2937603866624,-1.58156065255605,0.929999999999999,0.85
2.408,16.2922024423846,-1.56617121232904,0.92,0.85
2.409,16.2906598854524,-1.55077966300718,0.909999999999997,0.85
2.41,16.2891327178698,-1.53538607430737,0.899999999999998,0.85
2.411,16.287620941864,-1.51999032054373,0.889999999999999,0.85
2.412,16.2861245591613,-1.50459269371352,0.88,0.85
2.413,16.2846435715543,-1.48919324719861,0.869999999999997,0.85
2.414,16.2831779810348,-1.47379186571435,0.859999999999998,0.85
2.415,16.2817277890934,-1.45838884522198,0.849999999999999,0.85
2.416,16.2802929972752,-1.44298424789776,0.84,0.85
2.417,16.2788736073413,-1.42757795064165,0.829999999999997,0.85
2.418,16.2774696205265,-1.41217026320507,0.819999999999998,0.85
2.419,16.2760810381304,-1.39676124571279,0.809999999999999,0.85
2.42,16.2747078616696,-1.38135077351187,0.8,0.85
2.421,16.2733500921214,-1.36593916457437,0.789999999999997,0.85
2.422,16.2720077305334,-1.35052647814343,0.779999999999998,0.85
2.423,16.2706807782735,-1.33511252035617,0.769999999999999,0.85
2.424,16.2693692356894,-1.31969790695473,0.76,0.85
2.425,16.2680731042765,-1.30428207767486,0.749999999999997,0.85
2.426,16.266792384118,-1.28886578769441,0.739999999999998,0.85
2.427,16.265527076575,-1.27344843648008,0.729999999999999,0.85
2.428,16.2642771815342,-1.25803080712069,0.72,0.85
2.429,16.2630427002028,-1.24261227992405,0.709999999999997,0.85
2.43,16.2618236322869,-1.22719364958723,0.699999999999998,0.85
2.431,16.2606199788315,-1.21177428792459,0.689999999999999,0.85
2.432,16.2594317393693,-1.19635499412259,0.68,0.85
2.433,16.2582589147805,-1.18093513613228,0.670000000000001,0.85
2.434,16.2571015044292,-1.16551551397668,0.659999999999998,0.85
2.435,16.2559595090298,-1.15009549421674,0.649999999999999,0.85
2.436,16.2548329277825,-1.13467587531491,0.64,0.85
2.437,16.2537217612359,-1.11925602414815,0.630000000000001,0.85
2.438,16.2526260084302,-1.10383673568541,0.619999999999998,0.85
2.439,16.2515456697497,-1.0884173785505,0.609999999999999,0.85
2.44,16.250480744079,-1.07299874247048,0.6,0.85
2.441,16.2494312316394,-1.05758019914556,0.590000000000001,0.85
2.442,16.2483971311644,-1.04216253139717,0.579999999999998,0.85
2.443,16.2473784427145,-1.02674511529227,0.569999999999999,0.85
2.444,16.2463751648769,-1.01132872513221,0.56,0.85
2.445,16.2453872975534,-0.995912742622092,0.550000000000001,0.85
2.446,16.2444148391905,-0.980497931966826,0.539999999999998,0.85
2.447,16.2434577895337,-0.965083681768443,0.529999999999999,0.85
2.448,16.2425161468943,-0.949670744592286,0.52,0.85
2.449,16.2415899108643,-0.934258517185478,0.510000000000001,0.85
2.45,16.2406790796256,-0.918847738962181,0.499999999999998,0.85
2.451,16.2397836526199,-0.903437816051828,0.489999999999999,0.85
2.452,16.2389036279056,-0.888029473237158,0.48,0.85
2.453,16.2380390047778,-0.872622127256239,0.470000000000001,0.85
2.454,16.2371897811772,-0.857216486809918,0.459999999999998,0.85
2.455,16.2363559562559,-0.841811980460506,0.449999999999999,0.85
2.456,16.2355375278438,-0.826409299406237,0.44,0.85
2.457,16.2347344949536,-0.811007885238329,0.430000000000001,0.85
2.458,16.2339468553108,-0.79560841026068,0.419999999999998,0.85
2.459,16.2331746077929,-0.780210330287333,0.409999999999999,0.85
2.46,16.2324177500277,-0.76481429736402,0.4,0.85
2.461,16.2316762807618,-0.749419782712309,0.390000000000001,0.85
2.462,16.2309501975321,-0.734027416782316,0.379999999999998,0.85
2.463,16.2302394989587,-0.718636687379495,0.369999999999999,0.85
2.464,16.2295441824948,-0.703248202046608,0.36,0.85
2.465,16.2288642466384,-0.687861466344115,0.350000000000001,0.85
2.466,16.2281996887659,-0.672477063617957,0.339999999999998,0.85
2.467,16.2275505072581,-0.657094518353355,0.329999999999999,0.85
2.468,16.2269166994218,-0.64171438843174,0.32,0.85
2.469,16.2262982635253,-0.626336218435821,0.310000000000001,0.85
2.47,16.2256951968129,-0.610960539533485,0.299999999999998,0.85
2.471,16.2251074974454,-0.59558691758885,0.289999999999999,0.85
2.472,16.2245351626121,-0.580215855823681,0.28,0.85
2.473,16.2239781903709,-0.564846942589071,0.270000000000001,0.85
2.474,16.2234365778631,-0.549480651941809,0.259999999999998,0.85
2.475,16.222910323049,-0.534116595963172,0.249999999999999,0.85
2.476,16.2223994230291,-0.518755218338325,0.24,0.85
2.477,16.2219038756704,-0.503396156182412,0.230000000000001,0.85
2.478,16.2214236780401,-0.488039821614494,0.219999999999998,0.85
2.479,16.2209588279162,-0.472685878183232,0.209999999999999,0.85
2.48,16.2205093223394,-0.457334705264068,0.2,0.85
2.481,16.2200751590029,-0.441985994388107,0.190000000000001,0.85
2.482,16.2196563349532,-0.426640073769812,0.179999999999998,0.85
2.483,16.2192528477264,-0.411296726411647,0.169999999999999,0.85
2.484,16.2188646944346,-0.395956162801945,0.16,0.85
2.485,16.2184918724964,-0.380618248554107,0.150000000000001,0.85
2.486,16.2181343790434,-0.36528313047587,0.139999999999998,0.85
2.487,16.2177922113592,-0.349950755919059,0.129999999999999,0.85
2.488,16.2174653666145,-0.334621182777816,0.12,0.85
2.489,16.2171538420021,-0.31929441554812,0.110000000000001,0.85
2.49,16.2168576346648,-0.303970489038521,0.0999999999999978,0.85
2.491,16.216576741731,-0.288649424520798,0.0899999999999989,0.85
2.492,16.2163111602895,-0.273331255461478,0.08,0.85
2.493,16.2160608873955,-0.258016015454499,0.0700000000000011,0.85
2.494,16.2158259200565,-0.242703747482499,0.0599999999999978,0.85
2.495,16.2156062552261,-0.227394501735799,0.0499999999999989,0.85
2.496,16.215401889791,-0.212088339788347,0.04,0.85
2.497,16.2152128205593,-0.196785334310409,0.0300000000000011,0.85
2.498,16.215039044251,-0.18148556845902,0.0199999999999978,0.85
2.499,16.2148805574971,-0.166189129201894,0.00999999999999889,0.85
2.5,16.214737356858,-0.150896092700725,0,0.85
